order_id,customer_id,product_id,order_date,product_category,quantity,unit_price,total_price,sales,cost_price,profit
1,CUST759,PROD1809,2024-05-28,Grocery,3,652.08,1956.24,1956.24,411.52,721.68
2,CUST896,PROD1837,2024-05-04,Beauty,4,1423.07,5692.28,5692.28,1185.06,952.04
3,CUST867,PROD1621,2024-01-01,Home & Kitchen,3,3961.42,11884.26,11884.26,2995.62,2897.4
4,CUST976,PROD1997,2024-06-13,Sports,4,4445.79,17783.16,17783.16,3154.42,5165.48
5,CUST214,PROD1152,2024-09-23,Beauty,3,4386.43,13159.29,13159.29,2432.74,5861.07
6,CUST778,PROD1623,2024-03-09,Grocery,4,3585.79,14343.16,14343.16,1988.67,6388.48
7,CUST948,PROD1403,2024-09-07,Books,3,573.51,1720.53,1720.53,298.41,825.3
8,CUST606,PROD1556,2024-01-01,Books,4,2494.23,9976.92,9976.92,2003.27,1963.84
9,CUST735,PROD1988,2024-03-25,Books,1,1514.94,1514.94,1514.94,1076.2,438.74
10,CUST232,PROD1872,2024-10-26,Electronics,1,2374.58,2374.58,2374.58,1775.77,598.81
11,CUST323,PROD1584,2024-02-14,Electronics,4,4939.15,19756.6,19756.6,2505.16,9735.96
12,CUST349,PROD1693,2024-03-09,Home & Kitchen,3,1003.58,3010.74,3010.74,842.47,483.33
13,CUST853,PROD1166,2024-01-28,Grocery,3,2079.86,6239.58,6239.58,1645.91,1301.85
14,CUST242,PROD1127,2024-01-12,Fashion,1,4189.35,4189.35,4189.35,2406.02,1783.33
15,CUST378,PROD1712,2024-11-29,Fashion,1,3216.65,3216.65,3216.65,1813.03,1403.62
16,CUST240,PROD1564,2024-12-12,Electronics,2,999.09,1998.18,1998.18,563.68,870.82
17,CUST378,PROD1780,2024-06-17,Books,4,4961.52,19846.08,19846.08,3009.09,7809.72
18,CUST761,PROD1003,2024-10-01,Home & Kitchen,4,369.91,1479.64,1479.64,252.89,468.08
19,CUST264,PROD1108,2024-12-01,Home & Kitchen,3,159.94,479.82,479.82,104.15,167.37
20,CUST817,PROD1160,2024-07-12,Books,5,3364.36,16821.8,16821.8,2025.11,6696.25
21,CUST192,PROD1627,2024-03-22,Sports,4,3673.25,14693.0,14693.0,2623.25,4200.0
22,CUST124,PROD1128,2024-11-08,Grocery,5,2650.06,13250.3,13250.3,1454.41,5978.25
23,CUST563,PROD1238,2024-05-24,Books,4,1876.71,7506.84,7506.84,1130.25,2985.84
24,CUST490,PROD1490,2024-04-18,Fashion,2,2241.99,4483.98,4483.98,1408.48,1667.02
25,CUST894,PROD1276,2024-09-11,Grocery,3,2041.33,6123.99,6123.99,1346.51,2084.46
26,CUST210,PROD1612,2024-01-28,Fashion,3,739.8,2219.4,2219.4,573.21,499.77
27,CUST757,PROD1083,2024-06-18,Fashion,1,3391.52,3391.52,3391.52,1932.78,1458.74
28,CUST402,PROD1270,2024-10-14,Home & Kitchen,5,2024.09,10120.45,10120.45,1376.34,3238.75
29,CUST188,PROD1548,2024-03-10,Books,1,703.0,703.0,703.0,497.26,205.74
30,CUST520,PROD1840,2024-04-08,Home & Kitchen,1,739.0,739.0,739.0,381.51,357.49
31,CUST937,PROD1208,2024-02-29,Electronics,4,1338.89,5355.56,5355.56,954.15,1538.96
32,CUST274,PROD1884,2024-02-13,Sports,3,1645.1,4935.3,4935.3,920.74,2173.08
33,CUST445,PROD1489,2024-08-07,Grocery,5,4703.66,23518.3,23518.3,2458.92,11223.7
34,CUST661,PROD1209,2024-06-13,Books,1,1212.87,1212.87,1212.87,1009.24,203.63
35,CUST917,PROD1972,2024-06-22,Books,1,387.31,387.31,387.31,324.55,62.76
36,CUST126,PROD1774,2024-01-03,Grocery,3,2326.8,6980.4,6980.4,1821.74,1515.18
37,CUST350,PROD1343,2024-11-24,Sports,5,3930.43,19652.15,19652.15,2384.26,7730.85
38,CUST689,PROD1242,2024-01-29,Home & Kitchen,4,4877.78,19511.12,19511.12,2605.64,9088.56
39,CUST952,PROD1758,2024-01-16,Beauty,1,3214.01,3214.01,3214.01,2376.7,837.31
40,CUST219,PROD1562,2024-09-05,Sports,5,371.79,1858.95,1858.95,243.17,643.1
41,CUST941,PROD1472,2024-06-01,Books,5,4681.8,23409.0,23409.0,2540.88,10704.6
42,CUST178,PROD1223,2024-10-26,Sports,2,2541.2,5082.4,5082.4,1711.02,1660.36
43,CUST759,PROD1654,2024-12-17,Books,3,1956.46,5869.38,5869.38,1001.78,2864.04
44,CUST248,PROD1803,2024-08-15,Beauty,2,3983.86,7967.72,7967.72,3259.84,1448.04
45,CUST524,PROD1489,2024-02-14,Fashion,2,873.03,1746.06,1746.06,515.59,714.88
46,CUST960,PROD1614,2024-10-20,Fashion,2,4841.71,9683.42,9683.42,3543.56,2596.3
47,CUST301,PROD1113,2024-05-16,Books,3,1544.25,4632.75,4632.75,940.6,1810.95
48,CUST683,PROD1927,2024-01-31,Beauty,2,4880.5,9761.0,9761.0,3328.62,3103.76
49,CUST420,PROD1317,2024-02-16,Books,3,3166.83,9500.49,9500.49,2189.38,2932.35
50,CUST447,PROD1433,2024-06-07,Electronics,5,4611.02,23055.1,23055.1,2603.84,10035.9
51,CUST157,PROD1692,2024-08-05,Grocery,5,832.37,4161.85,4161.85,698.65,668.6
52,CUST972,PROD1223,2024-02-08,Grocery,2,827.27,1654.54,1654.54,638.07,378.4
53,CUST431,PROD1408,2024-01-24,Beauty,1,2054.25,2054.25,2054.25,1702.61,351.64
54,CUST495,PROD1928,2024-07-15,Beauty,1,1805.51,1805.51,1805.51,1468.22,337.29
55,CUST594,PROD1520,2024-08-17,Books,5,2365.38,11826.9,11826.9,1677.68,3438.5
56,CUST231,PROD1117,2024-04-29,Electronics,5,2738.99,13694.95,13694.95,2253.25,2428.7
57,CUST940,PROD1785,2024-08-04,Books,2,1569.65,3139.3,3139.3,833.44,1472.42
58,CUST898,PROD1367,2024-03-16,Fashion,4,1123.55,4494.2,4494.2,638.84,1938.84
59,CUST337,PROD1886,2024-06-12,Books,4,856.78,3427.12,3427.12,441.95,1659.32
60,CUST394,PROD1668,2024-03-28,Home & Kitchen,5,1135.04,5675.2,5675.2,696.76,2191.4
61,CUST756,PROD1750,2024-10-08,Electronics,1,3057.81,3057.81,3057.81,1944.88,1112.93
62,CUST675,PROD1513,2024-08-29,Fashion,2,167.07,334.14,334.14,99.4,135.34
63,CUST989,PROD1567,2024-06-30,Fashion,5,1467.4,7337.0,7337.0,1159.33,1540.35
64,CUST274,PROD1443,2024-11-28,Grocery,5,857.48,4287.4,4287.4,535.81,1608.35
65,CUST115,PROD1811,2024-11-12,Books,5,1527.56,7637.8,7637.8,913.98,3067.9
66,CUST757,PROD1124,2024-12-05,Beauty,2,3634.51,7269.02,7269.02,2507.61,2253.8
67,CUST285,PROD1899,2024-05-26,Home & Kitchen,5,2562.01,12810.05,12810.05,1407.37,5773.2
68,CUST149,PROD1415,2024-10-07,Fashion,3,777.92,2333.76,2333.76,607.38,511.62
69,CUST266,PROD1843,2024-01-08,Fashion,3,4393.73,13181.19,13181.19,2311.51,6246.66
70,CUST398,PROD1040,2024-07-29,Fashion,1,2846.53,2846.53,2846.53,2406.49,440.04
71,CUST840,PROD1891,2024-09-11,Sports,2,2725.36,5450.72,5450.72,2099.31,1252.1
72,CUST843,PROD1861,2024-08-23,Books,2,1092.36,2184.72,2184.72,622.15,940.42
73,CUST199,PROD1538,2024-11-29,Fashion,2,1843.94,3687.88,3687.88,925.53,1836.82
74,CUST759,PROD1160,2024-03-01,Home & Kitchen,2,779.48,1558.96,1558.96,612.21,334.54
75,CUST499,PROD1715,2024-11-29,Electronics,2,265.41,530.82,530.82,198.37,134.08
76,CUST487,PROD1521,2024-07-24,Sports,3,3975.54,11926.62,11926.62,3002.14,2920.2
77,CUST272,PROD1801,2024-12-27,Electronics,2,1957.82,3915.64,3915.64,1507.41,900.82
78,CUST313,PROD1595,2024-07-30,Electronics,3,189.47,568.41,568.41,99.65,269.46
79,CUST934,PROD1698,2024-06-26,Home & Kitchen,4,3620.13,14480.52,14480.52,2264.26,5423.48
80,CUST589,PROD1516,2024-04-15,Sports,4,3308.86,13235.44,13235.44,1788.62,6080.96
81,CUST125,PROD1536,2024-11-11,Sports,3,3277.86,9833.58,9833.58,2629.13,1946.19
82,CUST374,PROD1695,2024-03-30,Electronics,4,1433.87,5735.48,5735.48,1029.74,1616.52
83,CUST169,PROD1731,2024-02-29,Fashion,2,808.95,1617.9,1617.9,498.16,621.58
84,CUST161,PROD1238,2024-07-19,Electronics,3,1327.75,3983.25,3983.25,693.41,1903.02
85,CUST161,PROD1322,2024-01-08,Electronics,2,2640.7,5281.4,5281.4,1607.77,2065.86
86,CUST233,PROD1146,2024-07-07,Fashion,3,3383.88,10151.64,10151.64,2077.07,3920.43
87,CUST842,PROD1088,2024-08-02,Electronics,1,2422.34,2422.34,2422.34,1829.74,592.6
88,CUST521,PROD1269,2024-04-07,Grocery,2,100.43,200.86,200.86,72.63,55.6
89,CUST736,PROD1020,2024-11-24,Grocery,5,4795.58,23977.9,23977.9,3886.93,4543.25
90,CUST440,PROD1684,2024-03-25,Home & Kitchen,2,4026.58,8053.16,8053.16,2678.78,2695.6
91,CUST521,PROD1985,2024-02-10,Sports,1,1318.22,1318.22,1318.22,714.29,603.93
92,CUST222,PROD1318,2024-09-19,Beauty,5,278.91,1394.55,1394.55,209.08,349.15
93,CUST898,PROD1261,2024-09-29,Books,4,4281.99,17127.96,17127.96,3281.18,4003.24
94,CUST191,PROD1897,2024-05-14,Home & Kitchen,2,3521.79,7043.58,7043.58,2452.74,2138.1
95,CUST658,PROD1287,2024-02-06,Books,3,600.28,1800.84,1800.84,462.12,414.48
96,CUST244,PROD1460,2024-06-09,Fashion,1,3513.6,3513.6,3513.6,2364.05,1149.55
97,CUST808,PROD1404,2024-09-06,Books,2,1586.18,3172.36,3172.36,1083.29,1005.78
98,CUST600,PROD1219,2024-06-08,Grocery,1,4877.92,4877.92,4877.92,3168.89,1709.03
99,CUST763,PROD1641,2024-02-08,Books,3,2966.45,8899.35,8899.35,1509.62,4370.49
100,CUST208,PROD1049,2024-07-11,Sports,4,4834.99,19339.96,19339.96,2600.07,8939.68
101,CUST289,PROD1673,2024-07-14,Fashion,4,3030.92,12123.68,12123.68,1548.8,5928.48
102,CUST279,PROD1512,2024-04-03,Fashion,2,1937.27,3874.54,3874.54,1400.15,1074.24
103,CUST656,PROD1365,2024-01-24,Books,3,4225.59,12676.77,12676.77,2577.71,4943.64
104,CUST804,PROD1060,2024-08-05,Books,4,2898.91,11595.64,11595.64,1965.46,3733.8
105,CUST666,PROD1432,2024-10-19,Home & Kitchen,3,3641.28,10923.84,10923.84,2977.29,1991.97
106,CUST999,PROD1188,2024-12-27,Fashion,5,980.73,4903.65,4903.65,575.94,2023.95
107,CUST405,PROD1945,2024-03-22,Fashion,2,445.25,890.5,890.5,286.58,317.34
108,CUST428,PROD1911,2024-04-06,Sports,3,976.42,2929.26,2929.26,746.42,690.0
109,CUST476,PROD1452,2024-10-06,Home & Kitchen,1,1447.35,1447.35,1447.35,839.58,607.77
110,CUST210,PROD1568,2024-06-02,Beauty,4,858.23,3432.92,3432.92,452.24,1623.96
111,CUST878,PROD1154,2024-10-16,Beauty,4,1659.42,6637.68,6637.68,998.0,2645.68
112,CUST200,PROD1357,2024-12-08,Beauty,3,3068.79,9206.37,9206.37,1707.56,4083.69
113,CUST618,PROD1332,2024-01-26,Beauty,5,2186.44,10932.2,10932.2,1804.67,1908.85
114,CUST458,PROD1200,2024-11-27,Beauty,5,4337.26,21686.3,21686.3,3395.39,4709.35
115,CUST873,PROD1487,2024-06-05,Beauty,4,337.88,1351.52,1351.52,243.85,376.12
116,CUST748,PROD1212,2024-10-15,Electronics,4,3773.93,15095.72,15095.72,3038.06,2943.48
117,CUST505,PROD1774,2024-09-19,Grocery,2,4458.41,8916.82,8916.82,3483.29,1950.24
118,CUST310,PROD1695,2024-02-18,Fashion,1,3996.01,3996.01,3996.01,2258.94,1737.07
119,CUST372,PROD1709,2024-12-20,Fashion,3,4116.72,12350.16,12350.16,3344.41,2316.93
120,CUST506,PROD1701,2024-11-25,Electronics,4,1217.52,4870.08,4870.08,838.59,1515.72
121,CUST577,PROD1737,2024-05-10,Grocery,2,682.88,1365.76,1365.76,534.42,296.92
122,CUST772,PROD1943,2024-04-09,Fashion,5,2814.3,14071.5,14071.5,2289.8,2622.5
123,CUST658,PROD1504,2024-09-13,Fashion,1,591.54,591.54,591.54,361.61,229.93
124,CUST127,PROD1820,2024-02-24,Fashion,4,4423.25,17693.0,17693.0,2382.0,8165.0
125,CUST570,PROD1494,2024-06-10,Grocery,1,3923.79,3923.79,3923.79,2274.92,1648.87
126,CUST539,PROD1657,2024-09-18,Beauty,2,3919.73,7839.46,7839.46,2545.82,2747.82
127,CUST926,PROD1674,2024-04-26,Home & Kitchen,3,2179.2,6537.6,6537.6,1713.52,1397.04
128,CUST571,PROD1208,2024-05-20,Home & Kitchen,5,1826.24,9131.2,9131.2,1463.29,1814.75
129,CUST805,PROD1871,2024-02-21,Grocery,1,2945.88,2945.88,2945.88,1480.11,1465.77
130,CUST602,PROD1794,2024-10-11,Sports,5,3029.31,15146.55,15146.55,2056.18,4865.65
131,CUST696,PROD1601,2024-05-18,Sports,4,4115.23,16460.92,16460.92,2658.82,5825.64
132,CUST177,PROD1666,2024-05-22,Sports,4,2953.16,11812.64,11812.64,1706.15,4988.04
133,CUST229,PROD1049,2024-08-08,Books,5,924.42,4622.1,4622.1,500.99,2117.15
134,CUST734,PROD1095,2024-05-17,Home & Kitchen,3,4760.7,14282.1,14282.1,2942.9,5453.4
135,CUST581,PROD1155,2024-08-27,Electronics,2,3087.21,6174.42,6174.42,2562.44,1049.54
136,CUST307,PROD1807,2024-01-23,Fashion,3,3877.24,11631.72,11631.72,2377.22,4500.06
137,CUST615,PROD1366,2024-01-31,Grocery,3,2938.42,8815.26,8815.26,2002.76,2806.98
138,CUST826,PROD1912,2024-04-15,Home & Kitchen,4,374.93,1499.72,1499.72,279.72,380.84
139,CUST616,PROD1275,2024-10-27,Fashion,1,2469.02,2469.02,2469.02,1548.74,920.28
140,CUST180,PROD1102,2024-08-20,Books,3,2445.67,7337.01,7337.01,2054.67,1173.0
141,CUST741,PROD1336,2024-10-24,Sports,1,2463.89,2463.89,2463.89,2061.92,401.97
142,CUST459,PROD1727,2024-12-17,Sports,2,4167.54,8335.08,8335.08,2451.03,3433.02
143,CUST262,PROD1662,2024-09-09,Sports,4,3186.94,12747.76,12747.76,2148.12,4155.28
144,CUST508,PROD1175,2024-07-14,Home & Kitchen,3,2654.16,7962.48,7962.48,1606.58,3142.74
145,CUST266,PROD1414,2024-08-28,Fashion,5,4972.25,24861.25,24861.25,2981.83,9952.1
146,CUST197,PROD1730,2024-12-02,Home & Kitchen,2,3278.99,6557.98,6557.98,1681.83,3194.32
147,CUST863,PROD1985,2024-01-14,Beauty,5,3436.24,17181.2,17181.2,2451.23,4925.05
148,CUST724,PROD1484,2024-10-18,Electronics,2,3387.25,6774.5,6774.5,2289.57,2195.36
149,CUST521,PROD1443,2024-08-01,Sports,2,2105.23,4210.46,4210.46,1090.55,2029.36
150,CUST811,PROD1958,2024-02-11,Grocery,3,4264.74,12794.22,12794.22,2548.29,5149.35
151,CUST664,PROD1987,2024-09-10,Books,5,4572.47,22862.35,22862.35,3739.79,4163.4
152,CUST489,PROD1370,2024-02-03,Sports,1,808.9,808.9,808.9,472.27,336.63
153,CUST623,PROD1421,2024-12-19,Grocery,2,1890.46,3780.92,3780.92,1041.1,1698.72
154,CUST691,PROD1360,2024-09-30,Fashion,5,3356.53,16782.65,16782.65,2253.27,5516.3
155,CUST815,PROD1899,2024-09-24,Sports,4,1207.76,4831.04,4831.04,1020.53,748.92
156,CUST821,PROD1644,2024-05-09,Books,4,174.48,697.92,697.92,102.02,289.84
157,CUST334,PROD1762,2024-01-11,Fashion,1,2110.45,2110.45,2110.45,1551.7,558.75
158,CUST124,PROD1470,2024-04-26,Fashion,5,1801.5,9007.5,9007.5,1380.97,2102.65
159,CUST629,PROD1169,2024-02-24,Grocery,4,727.59,2910.36,2910.36,424.31,1213.12
160,CUST746,PROD1304,2024-11-29,Electronics,1,4040.24,4040.24,4040.24,3049.88,990.36
161,CUST351,PROD1263,2024-07-18,Sports,2,4941.1,9882.2,9882.2,3106.59,3669.02
162,CUST459,PROD1439,2024-12-26,Electronics,2,4669.25,9338.5,9338.5,3367.96,2602.58
163,CUST826,PROD1054,2024-02-26,Books,5,4638.19,23190.95,23190.95,3347.55,6453.2
164,CUST611,PROD1216,2024-04-11,Grocery,2,4834.59,9669.18,9669.18,3323.88,3021.42
165,CUST753,PROD1672,2024-11-05,Grocery,4,1223.94,4895.76,4895.76,650.65,2293.16
166,CUST750,PROD1112,2024-03-06,Fashion,5,1298.23,6491.15,6491.15,1028.66,1347.85
167,CUST518,PROD1826,2024-02-01,Electronics,2,4345.13,8690.26,8690.26,2660.41,3369.44
168,CUST170,PROD1069,2024-02-29,Books,5,4843.95,24219.75,24219.75,2738.2,10528.75
169,CUST220,PROD1966,2024-07-28,Fashion,5,4935.53,24677.65,24677.65,2538.2,11986.65
170,CUST785,PROD1692,2024-05-25,Electronics,5,3090.69,15453.45,15453.45,2184.54,4530.75
171,CUST505,PROD1578,2024-04-25,Grocery,5,3664.53,18322.65,18322.65,2701.3,4816.15
172,CUST817,PROD1229,2024-06-02,Books,5,956.08,4780.4,4780.4,483.59,2362.45
173,CUST717,PROD1782,2024-07-19,Fashion,2,2506.69,5013.38,5013.38,1702.63,1608.12
174,CUST685,PROD1632,2024-11-23,Sports,2,2992.86,5985.72,5985.72,1733.68,2518.36
175,CUST816,PROD1210,2024-05-06,Fashion,5,539.52,2697.6,2697.6,391.59,739.65
176,CUST819,PROD1132,2024-03-28,Sports,5,3539.05,17695.25,17695.25,1985.51,7767.7
177,CUST589,PROD1728,2024-10-23,Sports,4,2579.57,10318.28,10318.28,1913.6,2663.88
178,CUST732,PROD1253,2024-05-01,Sports,4,2305.04,9220.16,9220.16,1464.52,3362.08
179,CUST222,PROD1142,2024-11-07,Fashion,2,179.54,359.08,359.08,148.63,61.82
180,CUST882,PROD1823,2024-12-12,Books,4,4002.1,16008.4,16008.4,2193.68,7233.68
181,CUST290,PROD1411,2024-01-25,Sports,3,2379.69,7139.07,7139.07,1473.92,2717.31
182,CUST374,PROD1146,2024-11-23,Beauty,5,1453.71,7268.55,7268.55,784.59,3345.6
183,CUST153,PROD1721,2024-07-15,Electronics,2,694.55,1389.1,1389.1,572.06,244.98
184,CUST813,PROD1260,2024-10-04,Fashion,4,4468.69,17874.76,17874.76,3606.54,3448.6
185,CUST680,PROD1496,2024-07-28,Sports,2,2670.43,5340.86,5340.86,1576.3,2188.26
186,CUST174,PROD1636,2024-02-20,Electronics,3,2610.73,7832.19,7832.19,1908.43,2106.9
187,CUST954,PROD1599,2024-05-06,Books,4,3300.01,13200.04,13200.04,2593.9,2824.44
188,CUST560,PROD1472,2024-01-05,Fashion,5,1344.96,6724.8,6724.8,933.83,2055.65
189,CUST302,PROD1566,2024-03-08,Grocery,4,1348.72,5394.88,5394.88,924.38,1697.36
190,CUST447,PROD1046,2024-01-18,Sports,1,3186.29,3186.29,3186.29,1862.86,1323.43
191,CUST393,PROD1762,2024-03-02,Beauty,2,147.97,295.94,295.94,78.81,138.32
192,CUST586,PROD1229,2024-05-20,Beauty,3,2782.04,8346.12,8346.12,2264.65,1552.17
193,CUST672,PROD1812,2024-06-13,Home & Kitchen,1,696.37,696.37,696.37,567.64,128.73
194,CUST853,PROD1267,2024-09-05,Fashion,4,2646.67,10586.68,10586.68,1909.8,2947.48
195,CUST162,PROD1074,2024-06-05,Grocery,5,2397.59,11987.95,11987.95,1483.29,4571.5
196,CUST407,PROD1481,2024-10-13,Sports,3,1551.88,4655.64,4655.64,965.62,1758.78
197,CUST121,PROD1348,2024-02-27,Beauty,5,2433.52,12167.6,12167.6,1835.08,2992.2
198,CUST522,PROD1431,2024-05-04,Books,3,1031.21,3093.63,3093.63,839.39,575.46
199,CUST539,PROD1117,2024-01-07,Fashion,1,4910.45,4910.45,4910.45,3979.82,930.63
200,CUST156,PROD1247,2024-03-28,Sports,5,4177.41,20887.05,20887.05,3228.96,4742.25
201,CUST119,PROD1241,2024-05-18,Sports,5,2041.92,10209.6,10209.6,1479.8,2810.6
202,CUST416,PROD1208,2024-06-29,Home & Kitchen,5,544.16,2720.8,2720.8,288.1,1280.3
203,CUST109,PROD1653,2024-06-01,Sports,2,1042.95,2085.9,2085.9,580.47,924.96
204,CUST741,PROD1363,2024-05-05,Electronics,3,1689.05,5067.15,5067.15,1375.72,939.99
205,CUST789,PROD1991,2024-01-29,Fashion,3,1234.64,3703.92,3703.92,879.37,1065.81
206,CUST560,PROD1249,2024-12-11,Electronics,1,4133.09,4133.09,4133.09,2079.85,2053.24
207,CUST444,PROD1014,2024-05-25,Fashion,4,2597.58,10390.32,10390.32,1391.04,4826.16
208,CUST474,PROD1387,2024-12-10,Beauty,3,2938.07,8814.21,8814.21,2151.33,2360.22
209,CUST213,PROD1710,2024-02-24,Grocery,2,4420.0,8840.0,8840.0,2217.83,4404.34
210,CUST154,PROD1225,2024-02-18,Home & Kitchen,3,519.04,1557.12,1557.12,288.73,690.93
211,CUST101,PROD1137,2024-08-21,Beauty,5,1151.78,5758.9,5758.9,797.1,1773.4
212,CUST341,PROD1546,2024-12-17,Home & Kitchen,2,4753.29,9506.58,9506.58,3527.72,2451.14
213,CUST730,PROD1278,2024-07-02,Grocery,5,4845.49,24227.45,24227.45,3528.42,6585.35
214,CUST866,PROD1217,2024-04-27,Electronics,1,122.38,122.38,122.38,70.8,51.58
215,CUST767,PROD1756,2024-08-05,Fashion,1,2094.55,2094.55,2094.55,1569.37,525.18
216,CUST182,PROD1358,2024-03-11,Home & Kitchen,2,4210.54,8421.08,8421.08,2454.9,3511.28
217,CUST386,PROD1490,2024-09-30,Books,4,4353.79,17415.16,17415.16,2672.75,6724.16
218,CUST578,PROD1794,2024-01-13,Books,5,4197.08,20985.4,20985.4,3195.12,5009.8
219,CUST160,PROD1933,2024-04-10,Beauty,2,4976.79,9953.58,9953.58,3619.98,2713.62
220,CUST569,PROD1996,2024-02-12,Beauty,2,2796.64,5593.28,5593.28,2229.56,1134.16
221,CUST318,PROD1560,2024-03-15,Fashion,3,2684.44,8053.32,8053.32,1960.08,2173.08
222,CUST130,PROD1850,2024-06-14,Books,3,4177.84,12533.52,12533.52,2919.93,3773.73
223,CUST720,PROD1263,2024-05-19,Sports,3,1414.37,4243.11,4243.11,753.56,1982.43
224,CUST132,PROD1813,2024-01-12,Books,4,1954.28,7817.12,7817.12,1228.66,2902.48
225,CUST890,PROD1785,2024-02-03,Electronics,4,3451.42,13805.68,13805.68,2046.07,5621.4
226,CUST438,PROD1172,2024-08-30,Fashion,5,4109.19,20545.95,20545.95,2405.5,8518.45
227,CUST195,PROD1232,2024-12-22,Grocery,4,188.08,752.32,752.32,158.09,119.96
228,CUST465,PROD1903,2024-03-07,Beauty,1,4546.57,4546.57,4546.57,2898.82,1647.75
229,CUST907,PROD1681,2024-03-28,Electronics,2,4564.9,9129.8,9129.8,3707.69,1714.42
230,CUST676,PROD1582,2024-01-20,Sports,1,2702.88,2702.88,2702.88,1948.5,754.38
231,CUST425,PROD1153,2024-11-27,Beauty,2,4765.97,9531.94,9531.94,3708.8,2114.34
232,CUST461,PROD1530,2024-10-13,Grocery,4,122.97,491.88,491.88,83.12,159.4
233,CUST772,PROD1642,2024-04-30,Fashion,4,1954.28,7817.12,7817.12,1371.74,2330.16
234,CUST701,PROD1259,2024-05-13,Grocery,3,3929.22,11787.66,11787.66,2641.93,3861.87
235,CUST990,PROD1164,2024-06-13,Electronics,2,4101.71,8203.42,8203.42,2331.15,3541.12
236,CUST800,PROD1543,2024-10-12,Books,1,2813.02,2813.02,2813.02,2117.81,695.21
237,CUST782,PROD1398,2024-03-07,Books,3,4451.71,13355.13,13355.13,2663.33,5365.14
238,CUST412,PROD1740,2024-10-07,Fashion,4,2939.92,11759.68,11759.68,1494.98,5779.76
239,CUST497,PROD1114,2024-04-06,Home & Kitchen,2,1948.55,3897.1,3897.1,1414.48,1068.14
240,CUST712,PROD1362,2024-06-04,Electronics,1,3070.69,3070.69,3070.69,1725.69,1345.0
241,CUST476,PROD1300,2024-10-14,Beauty,5,1666.21,8331.05,8331.05,1381.56,1423.25
242,CUST141,PROD1226,2024-06-08,Beauty,4,3258.84,13035.36,13035.36,2717.47,2165.48
243,CUST339,PROD1018,2024-08-08,Grocery,1,2130.71,2130.71,2130.71,1747.61,383.1
244,CUST396,PROD1286,2024-04-06,Beauty,5,3789.69,18948.45,18948.45,2385.82,7019.35
245,CUST903,PROD1769,2024-09-01,Grocery,5,3945.74,19728.7,19728.7,1994.22,9757.6
246,CUST793,PROD1461,2024-01-19,Fashion,4,3152.52,12610.08,12610.08,2600.55,2207.88
247,CUST122,PROD1640,2024-07-10,Electronics,5,4057.47,20287.35,20287.35,2636.81,7103.3
248,CUST144,PROD1121,2024-03-02,Home & Kitchen,1,3539.2,3539.2,3539.2,2967.01,572.19
249,CUST780,PROD1046,2024-04-25,Fashion,2,3573.22,7146.44,7146.44,2991.74,1162.96
250,CUST868,PROD1195,2024-05-04,Electronics,5,2191.53,10957.65,10957.65,1750.05,2207.4
251,CUST293,PROD1148,2024-11-21,Fashion,5,672.89,3364.45,3364.45,405.79,1335.5
252,CUST610,PROD1855,2024-02-03,Home & Kitchen,4,750.07,3000.28,3000.28,476.13,1095.76
253,CUST782,PROD1199,2024-03-02,Electronics,1,2734.22,2734.22,2734.22,2181.63,552.59
254,CUST764,PROD1786,2024-03-16,Sports,3,2812.25,8436.75,8436.75,1718.07,3282.54
255,CUST507,PROD1419,2024-12-15,Home & Kitchen,3,1225.38,3676.14,3676.14,685.38,1620.0
256,CUST666,PROD1766,2024-10-11,Beauty,4,3061.82,12247.28,12247.28,2127.6,3736.88
257,CUST463,PROD1516,2024-10-12,Sports,5,2179.72,10898.6,10898.6,1804.05,1878.35
258,CUST753,PROD1265,2024-06-12,Home & Kitchen,5,1072.63,5363.15,5363.15,797.62,1375.05
259,CUST495,PROD1098,2024-06-05,Fashion,1,1215.49,1215.49,1215.49,850.26,365.23
260,CUST990,PROD1523,2024-10-05,Electronics,2,4034.7,8069.4,8069.4,2154.58,3760.24
261,CUST426,PROD1615,2024-04-20,Sports,4,2939.05,11756.2,11756.2,2102.16,3347.56
262,CUST181,PROD1347,2024-02-18,Home & Kitchen,3,2223.63,6670.89,6670.89,1882.34,1023.87
263,CUST860,PROD1599,2024-11-08,Beauty,3,3525.73,10577.19,10577.19,1935.73,4770.0
264,CUST182,PROD1602,2024-05-24,Grocery,1,3217.6,3217.6,3217.6,2192.52,1025.08
265,CUST708,PROD1402,2024-08-16,Grocery,2,1573.46,3146.92,3146.92,1269.91,607.1
266,CUST272,PROD1130,2024-04-08,Books,4,3083.48,12333.92,12333.92,2341.19,2969.16
267,CUST798,PROD1057,2024-01-04,Beauty,4,1861.43,7445.72,7445.72,1384.82,1906.44
268,CUST632,PROD1714,2024-02-23,Beauty,2,3934.48,7868.96,7868.96,2934.61,1999.74
269,CUST430,PROD1164,2024-11-13,Fashion,2,1103.95,2207.9,2207.9,690.88,826.14
270,CUST504,PROD1917,2024-09-28,Books,2,797.72,1595.44,1595.44,480.83,633.78
271,CUST505,PROD1650,2024-10-29,Books,5,2403.52,12017.6,12017.6,1882.62,2604.5
272,CUST258,PROD1057,2024-08-01,Home & Kitchen,3,1481.02,4443.06,4443.06,1160.44,961.74
273,CUST855,PROD1134,2024-04-30,Home & Kitchen,5,1516.41,7582.05,7582.05,1218.4,1490.05
274,CUST937,PROD1880,2024-11-19,Beauty,1,923.71,923.71,923.71,757.1,166.61
275,CUST420,PROD1244,2024-04-20,Grocery,3,1822.99,5468.97,5468.97,1237.76,1755.69
276,CUST175,PROD1934,2024-08-14,Fashion,4,3711.76,14847.04,14847.04,2507.41,4817.4
277,CUST739,PROD1978,2024-03-19,Books,4,3010.6,12042.4,12042.4,2346.47,2656.52
278,CUST718,PROD1592,2024-06-09,Fashion,3,1352.11,4056.33,4056.33,983.64,1105.41
279,CUST708,PROD1712,2024-04-10,Sports,4,1954.73,7818.92,7818.92,1457.62,1988.44
280,CUST636,PROD1086,2024-04-11,Books,2,805.74,1611.48,1611.48,627.29,356.9
281,CUST297,PROD1164,2024-09-20,Fashion,4,4170.25,16681.0,16681.0,3384.17,3144.32
282,CUST315,PROD1373,2024-08-09,Books,3,1560.84,4682.52,4682.52,965.06,1787.34
283,CUST238,PROD1278,2024-03-03,Sports,2,162.65,325.3,325.3,102.71,119.88
284,CUST332,PROD1585,2024-04-17,Books,2,3300.07,6600.14,6600.14,1758.59,3082.96
285,CUST751,PROD1447,2024-03-05,Books,1,737.85,737.85,737.85,518.26,219.59
286,CUST886,PROD1881,2024-09-21,Sports,2,647.02,1294.04,1294.04,331.65,630.74
287,CUST189,PROD1642,2024-02-23,Home & Kitchen,5,4346.39,21731.95,21731.95,2881.48,7324.55
288,CUST683,PROD1310,2024-09-05,Home & Kitchen,2,3257.18,6514.36,6514.36,2247.21,2019.94
289,CUST838,PROD1473,2024-09-09,Electronics,2,1911.31,3822.62,3822.62,1147.34,1527.94
290,CUST238,PROD1796,2024-10-15,Fashion,4,1409.9,5639.6,5639.6,996.51,1653.56
291,CUST608,PROD1533,2024-08-20,Home & Kitchen,1,4800.24,4800.24,4800.24,2451.36,2348.88
292,CUST223,PROD1752,2024-03-22,Home & Kitchen,2,4834.8,9669.6,9669.6,2480.6,4708.4
293,CUST338,PROD1245,2024-02-17,Grocery,5,3790.94,18954.7,18954.7,2986.92,4020.1
294,CUST943,PROD1034,2024-06-20,Electronics,3,2745.63,8236.89,8236.89,1718.95,3080.04
295,CUST325,PROD1702,2024-03-11,Home & Kitchen,4,697.33,2789.32,2789.32,379.68,1270.6
296,CUST368,PROD1894,2024-01-03,Beauty,1,1814.48,1814.48,1814.48,1238.9,575.58
297,CUST881,PROD1607,2024-05-25,Fashion,1,3327.5,3327.5,3327.5,2560.5,767.0
298,CUST269,PROD1536,2024-08-11,Electronics,1,935.5,935.5,935.5,538.42,397.08
299,CUST297,PROD1364,2024-07-21,Books,3,4539.76,13619.28,13619.28,3259.6,3840.48
300,CUST831,PROD1598,2024-01-31,Home & Kitchen,3,1504.02,4512.06,4512.06,796.94,2121.24
301,CUST329,PROD1012,2024-12-03,Fashion,2,3889.49,7778.98,7778.98,2015.1,3748.78
302,CUST329,PROD1079,2024-08-24,Fashion,3,1450.39,4351.17,4351.17,994.93,1366.38
303,CUST431,PROD1745,2024-01-07,Beauty,3,4163.47,12490.41,12490.41,2869.56,3881.73
304,CUST651,PROD1268,2024-12-05,Home & Kitchen,2,159.86,319.72,319.72,115.59,88.54
305,CUST783,PROD1823,2024-02-08,Electronics,2,414.31,828.62,828.62,312.44,203.74
306,CUST262,PROD1492,2024-10-01,Electronics,3,3376.47,10129.41,10129.41,2841.46,1605.03
307,CUST952,PROD1595,2024-09-02,Home & Kitchen,1,3966.19,3966.19,3966.19,2699.81,1266.38
308,CUST119,PROD1030,2024-05-11,Books,1,2628.73,2628.73,2628.73,1611.5,1017.23
309,CUST630,PROD1797,2024-02-28,Home & Kitchen,4,3876.23,15504.92,15504.92,3016.93,3437.2
310,CUST489,PROD1251,2024-10-08,Home & Kitchen,4,4022.21,16088.84,16088.84,2392.38,6519.32
311,CUST775,PROD1065,2024-06-27,Sports,3,2047.63,6142.89,6142.89,1338.41,2127.66
312,CUST703,PROD1866,2024-01-15,Beauty,5,2895.36,14476.8,14476.8,1527.19,6840.85
313,CUST136,PROD1238,2024-12-15,Home & Kitchen,1,1466.36,1466.36,1466.36,746.19,720.17
314,CUST685,PROD1001,2024-08-24,Electronics,5,2633.97,13169.85,13169.85,2204.44,2147.65
315,CUST957,PROD1000,2024-01-19,Books,4,4132.44,16529.76,16529.76,3275.34,3428.4
316,CUST357,PROD1987,2024-05-30,Sports,5,4335.94,21679.7,21679.7,3224.17,5558.85
317,CUST818,PROD1135,2024-12-20,Electronics,2,2257.23,4514.46,4514.46,1451.7,1611.06
318,CUST598,PROD1347,2024-03-08,Electronics,4,3364.39,13457.56,13457.56,1886.26,5912.52
319,CUST567,PROD1588,2024-05-11,Sports,4,3323.07,13292.28,13292.28,1843.48,5918.36
320,CUST927,PROD1477,2024-02-21,Sports,4,3310.07,13240.28,13240.28,1944.95,5460.48
321,CUST140,PROD1119,2024-03-22,Books,1,391.63,391.63,391.63,271.1,120.53
322,CUST600,PROD1650,2024-05-19,Fashion,5,3400.6,17003.0,17003.0,2550.82,4248.9
323,CUST191,PROD1616,2024-11-22,Beauty,5,2544.87,12724.35,12724.35,1860.48,3421.95
324,CUST158,PROD1226,2024-01-25,Books,3,4213.27,12639.81,12639.81,2519.44,5081.49
325,CUST979,PROD1305,2024-10-15,Grocery,1,549.23,549.23,549.23,458.17,91.06
326,CUST119,PROD1581,2024-05-26,Beauty,5,4009.67,20048.35,20048.35,3040.39,4846.4
327,CUST417,PROD1355,2024-03-04,Beauty,3,209.04,627.12,627.12,145.08,191.88
328,CUST694,PROD1322,2024-07-23,Home & Kitchen,3,2652.39,7957.17,7957.17,1894.08,2274.93
329,CUST535,PROD1176,2024-04-04,Books,5,654.41,3272.05,3272.05,423.31,1155.5
330,CUST749,PROD1406,2024-10-18,Fashion,1,4018.86,4018.86,4018.86,2357.89,1660.97
331,CUST725,PROD1734,2024-05-12,Books,5,1797.91,8989.55,8989.55,1122.96,3374.75
332,CUST675,PROD1193,2024-10-15,Electronics,4,2668.94,10675.76,10675.76,2042.4,2506.16
333,CUST702,PROD1566,2024-08-31,Grocery,4,2284.02,9136.08,9136.08,1153.52,4522.0
334,CUST356,PROD1647,2024-04-23,Sports,2,2420.12,4840.24,4840.24,1308.38,2223.48
335,CUST782,PROD1539,2024-01-30,Grocery,3,1986.74,5960.22,5960.22,1025.36,2884.14
336,CUST407,PROD1729,2024-03-28,Beauty,5,652.56,3262.8,3262.8,335.58,1584.9
337,CUST923,PROD1949,2024-04-22,Sports,1,4054.9,4054.9,4054.9,3241.53,813.37
338,CUST537,PROD1667,2024-05-28,Beauty,4,2983.45,11933.8,11933.8,2226.49,3027.84
339,CUST972,PROD1633,2024-05-04,Beauty,3,3810.91,11432.73,11432.73,2537.92,3818.97
340,CUST343,PROD1126,2024-02-16,Home & Kitchen,5,470.97,2354.85,2354.85,251.61,1096.8
341,CUST278,PROD1902,2024-07-06,Sports,4,2214.71,8858.84,8858.84,1488.43,2905.12
342,CUST969,PROD1580,2024-07-22,Sports,3,4444.4,13333.2,13333.2,2958.7,4457.1
343,CUST478,PROD1807,2024-02-22,Fashion,3,1216.9,3650.7,3650.7,682.22,1604.04
344,CUST465,PROD1247,2024-07-08,Sports,3,3237.63,9712.89,9712.89,2110.44,3381.57
345,CUST116,PROD1266,2024-12-21,Home & Kitchen,3,3463.58,10390.74,10390.74,2214.88,3746.1
346,CUST250,PROD1818,2024-06-27,Books,5,2845.19,14225.95,14225.95,2035.87,4046.6
347,CUST986,PROD1073,2024-03-28,Books,2,3291.7,6583.4,6583.4,2377.54,1828.32
348,CUST204,PROD1156,2024-10-02,Beauty,5,4424.55,22122.75,22122.75,2282.43,10710.6
349,CUST879,PROD1901,2024-06-17,Grocery,1,1803.19,1803.19,1803.19,1138.02,665.17
350,CUST945,PROD1286,2024-08-06,Beauty,2,3184.73,6369.46,6369.46,2289.98,1789.5
351,CUST376,PROD1849,2024-07-13,Beauty,3,2689.51,8068.53,8068.53,1818.37,2613.42
352,CUST326,PROD1168,2024-03-02,Sports,1,3772.04,3772.04,3772.04,3016.77,755.27
353,CUST483,PROD1894,2024-03-16,Grocery,4,1284.48,5137.92,5137.92,938.37,1384.44
354,CUST587,PROD1342,2024-07-18,Grocery,1,504.38,504.38,504.38,280.95,223.43
355,CUST183,PROD1862,2024-05-30,Sports,4,4487.45,17949.8,17949.8,2354.56,8531.56
356,CUST238,PROD1486,2024-07-04,Sports,2,3980.23,7960.46,7960.46,2885.06,2190.34
357,CUST774,PROD1296,2024-12-10,Sports,5,2331.74,11658.7,11658.7,1187.51,5721.15
358,CUST450,PROD1988,2024-12-29,Fashion,4,417.87,1671.48,1671.48,294.61,493.04
359,CUST453,PROD1664,2024-06-07,Sports,2,1183.65,2367.3,2367.3,981.34,404.62
360,CUST843,PROD1900,2024-01-09,Electronics,1,3459.89,3459.89,3459.89,2426.82,1033.07
361,CUST598,PROD1861,2024-07-04,Electronics,2,4732.73,9465.46,9465.46,3009.35,3446.76
362,CUST914,PROD1438,2024-09-06,Electronics,4,4536.11,18144.44,18144.44,3289.36,4987.0
363,CUST528,PROD1375,2024-09-28,Beauty,5,3036.69,15183.45,15183.45,2005.4,5156.45
364,CUST152,PROD1388,2024-06-08,Sports,1,4578.96,4578.96,4578.96,3163.91,1415.05
365,CUST743,PROD1945,2024-11-13,Fashion,3,1793.32,5379.96,5379.96,1487.58,917.22
366,CUST781,PROD1939,2024-03-05,Books,3,4346.14,13038.42,13038.42,2760.39,4757.25
367,CUST569,PROD1751,2024-07-01,Electronics,5,1931.43,9657.15,9657.15,1615.48,1579.75
368,CUST266,PROD1665,2024-04-07,Sports,2,3346.54,6693.08,6693.08,2733.7,1225.68
369,CUST161,PROD1860,2024-05-26,Beauty,3,1245.77,3737.31,3737.31,708.25,1612.56
370,CUST914,PROD1800,2024-10-25,Home & Kitchen,3,3448.55,10345.65,10345.65,1807.99,4921.68
371,CUST824,PROD1641,2024-12-28,Sports,1,3337.41,3337.41,3337.41,1786.42,1550.99
372,CUST140,PROD1748,2024-07-07,Beauty,4,2707.0,10828.0,10828.0,1370.76,5344.96
373,CUST120,PROD1019,2024-03-30,Books,2,273.0,546.0,546.0,145.52,254.96
374,CUST653,PROD1177,2024-03-17,Sports,2,1537.05,3074.1,3074.1,1135.96,802.18
375,CUST564,PROD1599,2024-11-05,Beauty,4,1790.38,7161.52,7161.52,939.8,3402.32
376,CUST408,PROD1530,2024-04-17,Grocery,4,3615.94,14463.76,14463.76,2211.66,5617.12
377,CUST845,PROD1288,2024-08-17,Sports,3,4350.33,13050.99,13050.99,3461.59,2666.22
378,CUST227,PROD1588,2024-05-25,Fashion,2,2310.94,4621.88,4621.88,1174.29,2273.3
379,CUST508,PROD1545,2024-10-03,Beauty,4,1254.7,5018.8,5018.8,985.02,1078.72
380,CUST944,PROD1983,2024-01-29,Books,1,132.06,132.06,132.06,79.06,53.0
381,CUST878,PROD1468,2024-07-02,Sports,4,2000.8,8003.2,8003.2,1083.15,3670.6
382,CUST457,PROD1651,2024-10-04,Fashion,4,2985.72,11942.88,11942.88,2220.95,3059.08
383,CUST458,PROD1423,2024-12-13,Beauty,3,4138.11,12414.33,12414.33,2979.98,3474.39
384,CUST916,PROD1781,2024-09-20,Books,1,2726.82,2726.82,2726.82,2200.86,525.96
385,CUST329,PROD1973,2024-07-21,Fashion,2,377.18,754.36,754.36,285.63,183.1
386,CUST827,PROD1598,2024-11-11,Sports,1,4253.89,4253.89,4253.89,3323.22,930.67
387,CUST609,PROD1080,2024-08-29,Electronics,5,157.36,786.8,786.8,94.21,315.75
388,CUST736,PROD1539,2024-11-24,Books,3,3874.41,11623.23,11623.23,2177.82,5089.77
389,CUST949,PROD1977,2024-02-16,Books,3,3085.52,9256.56,9256.56,2353.37,2196.45
390,CUST303,PROD1347,2024-03-26,Sports,4,4394.79,17579.16,17579.16,3438.45,3825.36
391,CUST742,PROD1757,2024-11-09,Beauty,3,958.1,2874.3,2874.3,811.2,440.7
392,CUST949,PROD1318,2024-09-22,Sports,3,2697.0,8091.0,8091.0,1737.99,2877.03
393,CUST839,PROD1581,2024-02-12,Fashion,3,2153.01,6459.03,6459.03,1356.84,2388.51
394,CUST909,PROD1912,2024-03-16,Electronics,3,1683.65,5050.95,5050.95,1299.35,1152.9
395,CUST423,PROD1708,2024-03-09,Electronics,4,3499.09,13996.36,13996.36,2166.92,5328.68
396,CUST797,PROD1110,2024-09-05,Sports,2,2329.59,4659.18,4659.18,1923.69,811.8
397,CUST258,PROD1256,2024-10-20,Sports,3,2708.19,8124.57,8124.57,2167.76,1621.29
398,CUST475,PROD1012,2024-09-05,Electronics,4,1159.5,4638.0,4638.0,753.85,1622.6
399,CUST214,PROD1389,2024-03-12,Electronics,2,792.32,1584.64,1584.64,604.39,375.86
400,CUST903,PROD1200,2024-03-03,Books,5,1824.94,9124.7,9124.7,1394.42,2152.6
401,CUST727,PROD1567,2024-11-19,Grocery,3,1757.09,5271.27,5271.27,941.96,2445.39
402,CUST349,PROD1947,2024-12-20,Grocery,5,1985.29,9926.45,9926.45,1619.79,1827.5
403,CUST328,PROD1915,2024-12-06,Home & Kitchen,3,364.04,1092.12,1092.12,246.4,352.92
404,CUST125,PROD1183,2024-03-21,Grocery,3,4779.16,14337.48,14337.48,3772.0,3021.48
405,CUST822,PROD1602,2024-12-30,Sports,3,4946.93,14840.79,14840.79,3027.61,5757.96
406,CUST547,PROD1981,2024-01-15,Books,2,210.58,421.16,421.16,171.29,78.58
407,CUST339,PROD1636,2024-01-07,Books,2,2795.68,5591.36,5591.36,1778.67,2034.02
408,CUST331,PROD1519,2024-09-25,Grocery,2,1912.06,3824.12,3824.12,963.28,1897.56
409,CUST866,PROD1035,2024-11-28,Sports,4,2087.03,8348.12,8348.12,1704.86,1528.68
410,CUST514,PROD1373,2024-11-17,Sports,1,2181.13,2181.13,2181.13,1160.25,1020.88
411,CUST994,PROD1677,2024-12-20,Fashion,4,1697.73,6790.92,6790.92,1038.6,2636.52
412,CUST103,PROD1982,2024-11-27,Sports,1,4208.3,4208.3,4208.3,3503.5,704.8
413,CUST199,PROD1112,2024-05-31,Books,2,2176.68,4353.36,4353.36,1812.55,728.26
414,CUST727,PROD1419,2024-03-14,Grocery,2,1315.6,2631.2,2631.2,921.85,787.5
415,CUST815,PROD1145,2024-12-01,Electronics,2,595.48,1190.96,1190.96,429.43,332.1
416,CUST323,PROD1195,2024-07-14,Beauty,1,4609.7,4609.7,4609.7,3028.37,1581.33
417,CUST474,PROD1092,2024-05-31,Grocery,3,3754.19,11262.57,11262.57,2262.36,4475.49
418,CUST478,PROD1414,2024-06-23,Grocery,4,2287.75,9151.0,9151.0,1407.04,3522.84
419,CUST224,PROD1302,2024-12-29,Books,1,977.75,977.75,977.75,719.02,258.73
420,CUST641,PROD1115,2024-06-15,Fashion,5,358.39,1791.95,1791.95,273.57,424.1
421,CUST988,PROD1647,2024-09-17,Electronics,4,3281.53,13126.12,13126.12,2549.92,2926.44
422,CUST583,PROD1807,2024-03-11,Home & Kitchen,1,3670.6,3670.6,3670.6,2849.73,820.87
423,CUST492,PROD1210,2024-05-23,Beauty,5,4196.16,20980.8,20980.8,2232.03,9820.65
424,CUST127,PROD1199,2024-09-04,Grocery,5,2136.68,10683.4,10683.4,1438.09,3492.95
425,CUST135,PROD1100,2024-08-26,Beauty,2,4374.09,8748.18,8748.18,2275.16,4197.86
426,CUST962,PROD1384,2024-10-16,Grocery,2,4745.34,9490.68,9490.68,3285.37,2919.94
427,CUST860,PROD1633,2024-09-29,Home & Kitchen,2,565.46,1130.92,1130.92,370.11,390.7
428,CUST261,PROD1600,2024-08-28,Home & Kitchen,2,2157.95,4315.9,4315.9,1749.44,817.02
429,CUST647,PROD1471,2024-11-28,Sports,1,1112.43,1112.43,1112.43,692.84,419.59
430,CUST840,PROD1235,2024-07-08,Grocery,1,1126.4,1126.4,1126.4,609.35,517.05
431,CUST999,PROD1955,2024-03-13,Beauty,4,448.97,1795.88,1795.88,246.95,808.08
432,CUST696,PROD1686,2024-12-19,Beauty,2,1298.84,2597.68,2597.68,995.6,606.48
433,CUST425,PROD1948,2024-07-02,Sports,4,1243.17,4972.68,4972.68,890.58,1410.36
434,CUST639,PROD1118,2024-05-08,Sports,2,1488.79,2977.58,2977.58,797.09,1383.4
435,CUST323,PROD1621,2024-10-03,Grocery,3,1196.53,3589.59,3589.59,633.49,1689.12
436,CUST360,PROD1264,2024-04-14,Grocery,1,2228.92,2228.92,2228.92,1661.3,567.62
437,CUST722,PROD1962,2024-11-29,Fashion,3,3421.23,10263.69,10263.69,1797.74,4870.47
438,CUST141,PROD1236,2024-05-18,Sports,2,672.45,1344.9,1344.9,529.66,285.58
439,CUST493,PROD1823,2024-02-18,Books,2,1558.72,3117.44,3117.44,1164.65,788.14
440,CUST153,PROD1198,2024-09-06,Fashion,5,471.77,2358.85,2358.85,249.32,1112.25
441,CUST735,PROD1946,2024-10-19,Home & Kitchen,2,606.97,1213.94,1213.94,321.51,570.92
442,CUST846,PROD1528,2024-07-03,Sports,1,1570.46,1570.46,1570.46,1327.55,242.91
443,CUST822,PROD1146,2024-05-19,Books,4,4976.08,19904.32,19904.32,3139.88,7344.8
444,CUST433,PROD1640,2024-01-28,Grocery,1,3157.66,3157.66,3157.66,1988.46,1169.2
445,CUST452,PROD1712,2024-02-07,Sports,5,4228.59,21142.95,21142.95,3317.24,4556.75
446,CUST153,PROD1818,2024-09-05,Beauty,2,4719.22,9438.44,9438.44,3924.21,1590.02
447,CUST203,PROD1102,2024-10-31,Fashion,3,4494.88,13484.64,13484.64,3798.62,2088.78
448,CUST895,PROD1464,2024-07-14,Beauty,4,3394.73,13578.92,13578.92,2592.5,3208.92
449,CUST826,PROD1736,2024-04-03,Beauty,4,2129.39,8517.56,8517.56,1345.12,3137.08
450,CUST756,PROD1828,2024-08-01,Beauty,3,987.84,2963.52,2963.52,522.79,1395.15
451,CUST868,PROD1953,2024-06-04,Fashion,4,1425.96,5703.84,5703.84,1100.84,1300.48
452,CUST136,PROD1921,2024-12-29,Home & Kitchen,3,1985.88,5957.64,5957.64,1381.06,1814.46
453,CUST697,PROD1559,2024-06-21,Books,4,215.54,862.16,862.16,139.77,303.08
454,CUST677,PROD1963,2024-08-30,Electronics,3,3886.47,11659.41,11659.41,3176.12,2131.05
455,CUST909,PROD1849,2024-04-08,Grocery,5,1157.21,5786.05,5786.05,623.64,2667.85
456,CUST491,PROD1974,2024-03-29,Sports,3,2075.45,6226.35,6226.35,1395.57,2039.64
457,CUST813,PROD1873,2024-03-25,Grocery,1,1697.82,1697.82,1697.82,855.66,842.16
458,CUST154,PROD1289,2024-08-30,Grocery,4,1564.62,6258.48,6258.48,1038.96,2102.64
459,CUST861,PROD1308,2024-01-08,Beauty,3,4055.71,12167.13,12167.13,2107.78,5843.79
460,CUST463,PROD1324,2024-02-08,Electronics,4,2974.38,11897.52,11897.52,1610.88,5454.0
461,CUST314,PROD1544,2024-09-29,Grocery,2,2527.09,5054.18,5054.18,1367.49,2319.2
462,CUST790,PROD1211,2024-11-02,Books,3,1434.31,4302.93,4302.93,1043.06,1173.75
463,CUST612,PROD1815,2024-06-24,Books,4,2533.48,10133.92,10133.92,1928.27,2420.84
464,CUST540,PROD1008,2024-06-22,Books,1,4460.57,4460.57,4460.57,3141.04,1319.53
465,CUST281,PROD1349,2024-11-11,Fashion,2,368.75,737.5,737.5,308.56,120.38
466,CUST133,PROD1358,2024-07-10,Books,4,3660.39,14641.56,14641.56,2310.46,5399.72
467,CUST139,PROD1062,2024-12-18,Grocery,3,295.55,886.65,886.65,177.33,354.66
468,CUST151,PROD1915,2024-01-17,Books,3,799.67,2399.01,2399.01,642.94,470.19
469,CUST716,PROD1728,2024-09-26,Electronics,1,802.51,802.51,802.51,464.06,338.45
470,CUST247,PROD1493,2024-02-20,Beauty,3,4474.86,13424.58,13424.58,3746.03,2186.49
471,CUST325,PROD1223,2024-03-04,Books,3,292.79,878.37,878.37,147.64,435.45
472,CUST358,PROD1909,2024-07-07,Beauty,4,2755.35,11021.4,11021.4,2313.0,1769.4
473,CUST132,PROD1898,2024-01-20,Beauty,3,4450.5,13351.5,13351.5,2292.48,6474.06
474,CUST980,PROD1996,2024-11-10,Electronics,5,1477.75,7388.75,7388.75,1199.79,1389.8
475,CUST751,PROD1925,2024-01-13,Grocery,3,1500.86,4502.58,4502.58,1027.63,1419.69
476,CUST583,PROD1880,2024-09-05,Beauty,1,4600.46,4600.46,4600.46,3899.06,701.4
477,CUST408,PROD1486,2024-01-23,Fashion,5,631.61,3158.05,3158.05,332.12,1497.45
478,CUST403,PROD1453,2024-09-09,Beauty,2,1444.83,2889.66,2889.66,1002.49,884.68
479,CUST553,PROD1054,2024-12-09,Electronics,3,4965.46,14896.38,14896.38,4167.29,2394.51
480,CUST613,PROD1581,2024-02-14,Books,5,3292.81,16464.05,16464.05,2249.27,5217.7
481,CUST864,PROD1899,2024-05-23,Home & Kitchen,3,1989.05,5967.15,5967.15,1432.69,1669.08
482,CUST699,PROD1881,2024-11-05,Home & Kitchen,1,389.9,389.9,389.9,289.9,100.0
483,CUST793,PROD1548,2024-05-05,Sports,2,3910.88,7821.76,7821.76,2577.62,2666.52
484,CUST349,PROD1311,2024-01-08,Beauty,4,2251.19,9004.76,9004.76,1620.06,2524.52
485,CUST241,PROD1958,2024-11-13,Beauty,4,1057.98,4231.92,4231.92,745.36,1250.48
486,CUST355,PROD1710,2024-01-07,Books,2,2367.8,4735.6,4735.6,1930.72,874.16
487,CUST272,PROD1257,2024-06-18,Electronics,3,1333.44,4000.32,4000.32,687.93,1936.53
488,CUST670,PROD1930,2024-04-01,Electronics,1,120.91,120.91,120.91,72.34,48.57
489,CUST868,PROD1411,2024-06-28,Sports,1,3337.6,3337.6,3337.6,2779.03,558.57
490,CUST698,PROD1403,2024-01-16,Home & Kitchen,1,513.18,513.18,513.18,416.49,96.69
491,CUST693,PROD1413,2024-06-11,Grocery,5,2503.84,12519.2,12519.2,1651.23,4263.05
492,CUST320,PROD1342,2024-12-27,Sports,4,683.7,2734.8,2734.8,490.24,773.84
493,CUST306,PROD1809,2024-12-15,Electronics,3,2460.25,7380.75,7380.75,1468.97,2973.84
494,CUST969,PROD1200,2024-05-14,Electronics,4,3455.53,13822.12,13822.12,1955.29,6000.96
495,CUST352,PROD1526,2024-09-17,Home & Kitchen,5,1880.03,9400.15,9400.15,1245.13,3174.5
496,CUST569,PROD1617,2024-04-02,Electronics,3,1170.04,3510.12,3510.12,729.72,1320.96
497,CUST288,PROD1656,2024-08-23,Home & Kitchen,5,1802.64,9013.2,9013.2,1269.56,2665.4
498,CUST828,PROD1322,2024-03-07,Grocery,4,1851.19,7404.76,7404.76,975.96,3500.92
499,CUST705,PROD1757,2024-03-25,Sports,3,1354.32,4062.96,4062.96,1139.03,645.87
500,CUST628,PROD1773,2024-08-20,Electronics,4,1878.93,7515.72,7515.72,1588.02,1163.64
501,CUST626,PROD1110,2024-03-09,Fashion,3,1311.92,3935.76,3935.76,976.54,1006.14
502,CUST206,PROD1013,2024-09-05,Home & Kitchen,5,800.93,4004.65,4004.65,550.75,1250.9
503,CUST442,PROD1013,2024-11-26,Electronics,3,2295.61,6886.83,6886.83,1396.5,2697.33
504,CUST903,PROD1492,2024-07-26,Books,1,2873.26,2873.26,2873.26,2255.02,618.24
505,CUST684,PROD1663,2024-10-13,Fashion,5,1309.75,6548.75,6548.75,968.76,1704.95
506,CUST502,PROD1758,2024-03-01,Fashion,5,1845.75,9228.75,9228.75,1027.93,4089.1
507,CUST985,PROD1396,2024-04-21,Home & Kitchen,5,3374.86,16874.3,16874.3,2763.42,3057.2
508,CUST659,PROD1369,2024-01-28,Fashion,1,2568.69,2568.69,2568.69,2023.84,544.85
509,CUST858,PROD1601,2024-03-02,Sports,3,1453.38,4360.14,4360.14,1209.84,730.62
510,CUST279,PROD1516,2024-09-26,Beauty,2,1619.35,3238.7,3238.7,1220.99,796.72
511,CUST564,PROD1238,2024-02-23,Fashion,4,573.76,2295.04,2295.04,410.06,654.8
512,CUST517,PROD1960,2024-04-27,Home & Kitchen,5,1612.28,8061.4,8061.4,1042.15,2850.65
513,CUST306,PROD1631,2024-04-26,Books,3,4424.89,13274.67,13274.67,3656.97,2303.76
514,CUST572,PROD1101,2024-09-13,Fashion,1,2551.43,2551.43,2551.43,2049.11,502.32
515,CUST453,PROD1186,2024-12-17,Beauty,5,2745.71,13728.55,13728.55,1416.31,6647.0
516,CUST398,PROD1821,2024-11-09,Books,1,3199.35,3199.35,3199.35,1629.2,1570.15
517,CUST354,PROD1024,2024-12-30,Grocery,3,2485.75,7457.25,7457.25,1570.4,2746.05
518,CUST876,PROD1237,2024-02-09,Books,5,1626.32,8131.6,8131.6,1274.54,1758.9
519,CUST475,PROD1505,2024-09-28,Grocery,3,1454.28,4362.84,4362.84,1229.66,673.86
520,CUST269,PROD1306,2024-11-10,Electronics,4,1854.83,7419.32,7419.32,1025.06,3319.08
521,CUST660,PROD1900,2024-10-25,Fashion,2,4805.06,9610.12,9610.12,3401.72,2806.68
522,CUST629,PROD1650,2024-01-06,Grocery,3,1718.1,5154.3,5154.3,1088.09,1890.03
523,CUST991,PROD1448,2024-08-21,Sports,2,3797.78,7595.56,7595.56,3188.12,1219.32
524,CUST536,PROD1129,2024-03-31,Sports,3,2194.48,6583.44,6583.44,1744.04,1351.32
525,CUST663,PROD1294,2024-02-10,Electronics,1,328.0,328.0,328.0,260.24,67.76
526,CUST619,PROD1016,2024-12-22,Grocery,2,596.23,1192.46,1192.46,395.92,400.62
527,CUST934,PROD1588,2024-11-12,Home & Kitchen,5,4089.31,20446.55,20446.55,2638.37,7254.7
528,CUST371,PROD1896,2024-04-01,Grocery,5,1857.94,9289.7,9289.7,1106.76,3755.9
529,CUST238,PROD1364,2024-09-29,Electronics,3,328.11,984.33,984.33,170.53,472.74
530,CUST610,PROD1460,2024-05-31,Books,2,4426.95,8853.9,8853.9,3553.3,1747.3
531,CUST658,PROD1146,2024-09-09,Home & Kitchen,5,2204.56,11022.8,11022.8,1729.51,2375.25
532,CUST325,PROD1539,2024-06-10,Electronics,1,4502.69,4502.69,4502.69,3826.84,675.85
533,CUST351,PROD1892,2024-04-24,Books,5,1508.84,7544.2,7544.2,1280.74,1140.5
534,CUST594,PROD1765,2024-11-06,Electronics,5,3827.02,19135.1,19135.1,2657.49,5847.65
535,CUST171,PROD1023,2024-03-14,Beauty,1,1858.62,1858.62,1858.62,1429.55,429.07
536,CUST809,PROD1596,2024-05-25,Sports,3,4984.7,14954.1,14954.1,4140.63,2532.21
537,CUST552,PROD1323,2024-01-20,Electronics,4,4615.84,18463.36,18463.36,3680.56,3741.12
538,CUST428,PROD1764,2024-01-15,Books,4,4861.77,19447.08,19447.08,2851.78,8039.96
539,CUST364,PROD1790,2024-02-12,Beauty,1,4324.16,4324.16,4324.16,2843.96,1480.2
540,CUST804,PROD1905,2024-11-07,Books,3,246.67,740.01,740.01,134.49,336.54
541,CUST827,PROD1885,2024-02-03,Books,2,4240.76,8481.52,8481.52,3536.45,1408.62
542,CUST292,PROD1496,2024-06-04,Home & Kitchen,5,645.97,3229.85,3229.85,460.03,929.7
543,CUST627,PROD1324,2024-05-02,Books,2,4672.3,9344.6,9344.6,2710.05,3924.5
544,CUST232,PROD1995,2024-07-12,Home & Kitchen,3,3222.98,9668.94,9668.94,2369.2,2561.34
545,CUST292,PROD1338,2024-05-19,Home & Kitchen,5,3828.46,19142.3,19142.3,2742.5,5429.8
546,CUST274,PROD1205,2024-02-06,Beauty,4,172.5,690.0,690.0,107.87,258.52
547,CUST314,PROD1497,2024-04-24,Home & Kitchen,5,637.43,3187.15,3187.15,344.05,1466.9
548,CUST334,PROD1263,2024-03-21,Books,4,4681.84,18727.36,18727.36,3441.39,4961.8
549,CUST633,PROD1441,2024-07-09,Electronics,3,1466.08,4398.24,4398.24,1000.02,1398.18
550,CUST619,PROD1132,2024-09-29,Home & Kitchen,1,2324.8,2324.8,2324.8,1790.82,533.98
551,CUST804,PROD1905,2024-04-02,Books,1,1424.36,1424.36,1424.36,971.5,452.86
552,CUST376,PROD1385,2024-11-19,Books,3,3756.97,11270.91,11270.91,2999.05,2273.76
553,CUST921,PROD1384,2024-04-16,Books,1,2513.31,2513.31,2513.31,1742.14,771.17
554,CUST117,PROD1743,2024-12-13,Grocery,5,403.16,2015.8,2015.8,280.73,612.15
555,CUST113,PROD1551,2024-10-20,Electronics,4,4107.48,16429.92,16429.92,3314.03,3173.8
556,CUST259,PROD1031,2024-05-07,Sports,1,1639.6,1639.6,1639.6,1051.34,588.26
557,CUST689,PROD1020,2024-08-10,Electronics,3,4771.52,14314.56,14314.56,2609.57,6485.85
558,CUST616,PROD1975,2024-09-26,Books,1,3501.93,3501.93,3501.93,1786.24,1715.69
559,CUST787,PROD1707,2024-10-16,Beauty,1,4351.28,4351.28,4351.28,3325.67,1025.61
560,CUST144,PROD1044,2024-01-26,Home & Kitchen,4,4628.35,18513.4,18513.4,3319.03,5237.28
561,CUST742,PROD1301,2024-05-03,Home & Kitchen,2,3795.86,7591.72,7591.72,2833.34,1925.04
562,CUST532,PROD1901,2024-08-14,Grocery,5,339.75,1698.75,1698.75,195.2,722.75
563,CUST105,PROD1396,2024-06-12,Beauty,1,4356.04,4356.04,4356.04,2385.93,1970.11
564,CUST204,PROD1178,2024-10-25,Electronics,1,4279.38,4279.38,4279.38,2161.47,2117.91
565,CUST432,PROD1152,2024-07-24,Sports,1,1598.7,1598.7,1598.7,995.52,603.18
566,CUST935,PROD1756,2024-05-15,Books,3,3415.03,10245.09,10245.09,2412.62,3007.23
567,CUST244,PROD1077,2024-05-07,Home & Kitchen,1,1383.07,1383.07,1383.07,881.41,501.66
568,CUST659,PROD1172,2024-06-17,Sports,2,1470.41,2940.82,2940.82,960.35,1020.12
569,CUST766,PROD1970,2024-11-11,Fashion,1,1246.94,1246.94,1246.94,1018.07,228.87
570,CUST184,PROD1754,2024-06-30,Beauty,3,3317.03,9951.09,9951.09,2062.83,3762.6
571,CUST598,PROD1412,2024-01-01,Home & Kitchen,1,2411.68,2411.68,2411.68,1639.69,771.99
572,CUST812,PROD1251,2024-04-18,Grocery,2,222.87,445.74,445.74,172.56,100.62
573,CUST122,PROD1119,2024-12-28,Fashion,5,1713.19,8565.95,8565.95,1094.37,3094.1
574,CUST196,PROD1615,2024-05-17,Books,2,629.8,1259.6,1259.6,452.03,355.54
575,CUST695,PROD1234,2024-07-17,Grocery,2,2896.04,5792.08,5792.08,2322.12,1147.84
576,CUST888,PROD1079,2024-09-28,Sports,2,4952.11,9904.22,9904.22,4121.8,1660.62
577,CUST950,PROD1403,2024-03-11,Books,2,4647.31,9294.62,9294.62,2562.88,4168.86
578,CUST550,PROD1709,2024-06-21,Books,5,4582.53,22912.65,22912.65,3777.41,4025.6
579,CUST263,PROD1598,2024-01-25,Grocery,3,4287.36,12862.08,12862.08,2882.14,4215.66
580,CUST943,PROD1863,2024-09-13,Sports,3,1120.94,3362.82,3362.82,661.79,1377.45
581,CUST140,PROD1097,2024-07-28,Sports,3,2201.61,6604.83,6604.83,1454.6,2241.03
582,CUST581,PROD1022,2024-01-25,Sports,5,4768.47,23842.35,23842.35,4019.87,3743.0
583,CUST902,PROD1995,2024-09-23,Sports,2,831.91,1663.82,1663.82,559.39,545.04
584,CUST170,PROD1241,2024-10-03,Grocery,2,3454.78,6909.56,6909.56,2124.91,2659.74
585,CUST414,PROD1695,2024-08-29,Home & Kitchen,5,2327.17,11635.85,11635.85,1679.5,3238.35
586,CUST357,PROD1328,2024-09-16,Electronics,2,1431.68,2863.36,2863.36,836.17,1191.02
587,CUST486,PROD1178,2024-03-01,Fashion,5,291.31,1456.55,1456.55,153.39,689.6
588,CUST888,PROD1506,2024-03-09,Books,5,2160.8,10804.0,10804.0,1177.87,4914.65
589,CUST940,PROD1030,2024-11-23,Fashion,4,3128.94,12515.76,12515.76,1704.7,5696.96
590,CUST780,PROD1323,2024-12-26,Grocery,2,2935.63,5871.26,5871.26,1623.89,2623.48
591,CUST635,PROD1957,2024-12-15,Books,5,1148.61,5743.05,5743.05,630.12,2592.45
592,CUST342,PROD1478,2024-12-03,Books,2,314.26,628.52,628.52,227.62,173.28
593,CUST836,PROD1342,2024-08-27,Electronics,5,2787.84,13939.2,13939.2,1571.39,6082.25
594,CUST176,PROD1284,2024-09-06,Home & Kitchen,2,4255.81,8511.62,8511.62,2642.79,3226.04
595,CUST494,PROD1273,2024-03-18,Sports,2,1510.15,3020.3,3020.3,1229.07,562.16
596,CUST105,PROD1130,2024-08-15,Home & Kitchen,2,2616.02,5232.04,5232.04,1741.97,1748.1
597,CUST459,PROD1376,2024-06-21,Home & Kitchen,2,4432.33,8864.66,8864.66,3251.76,2361.14
598,CUST463,PROD1500,2024-08-08,Home & Kitchen,1,567.67,567.67,567.67,318.07,249.6
599,CUST243,PROD1254,2024-02-09,Fashion,3,2654.37,7963.11,7963.11,1505.83,3445.62
600,CUST742,PROD1224,2024-07-16,Books,1,4976.55,4976.55,4976.55,2559.46,2417.09
601,CUST792,PROD1778,2024-04-05,Sports,1,103.97,103.97,103.97,58.13,45.84
602,CUST372,PROD1934,2024-01-01,Home & Kitchen,4,1953.29,7813.16,7813.16,1167.1,3144.76
603,CUST663,PROD1502,2024-03-27,Home & Kitchen,2,664.39,1328.78,1328.78,373.36,582.06
604,CUST152,PROD1864,2024-04-24,Electronics,2,3824.83,7649.66,7649.66,2031.16,3587.34
605,CUST139,PROD1463,2024-05-22,Electronics,2,4485.3,8970.6,8970.6,2432.03,4106.54
606,CUST124,PROD1160,2024-10-06,Beauty,3,1006.3,3018.9,3018.9,665.44,1022.58
607,CUST117,PROD1965,2024-12-19,Books,3,1446.89,4340.67,4340.67,827.93,1856.88
608,CUST326,PROD1005,2024-11-25,Home & Kitchen,5,4586.69,22933.45,22933.45,2878.12,8542.85
609,CUST401,PROD1964,2024-08-10,Fashion,1,3040.56,3040.56,3040.56,2056.01,984.55
610,CUST107,PROD1124,2024-09-08,Grocery,5,3680.96,18404.8,18404.8,2729.94,4755.1
611,CUST614,PROD1092,2024-10-28,Books,4,1744.63,6978.52,6978.52,896.32,3393.24
612,CUST457,PROD1892,2024-02-28,Home & Kitchen,5,1442.17,7210.85,7210.85,1124.59,1587.9
613,CUST651,PROD1833,2024-10-30,Home & Kitchen,5,169.22,846.1,846.1,121.8,237.1
614,CUST612,PROD1928,2024-07-29,Fashion,2,3719.2,7438.4,7438.4,1966.03,3506.34
615,CUST181,PROD1507,2024-02-27,Sports,5,3237.48,16187.4,16187.4,2608.61,3144.35
616,CUST197,PROD1138,2024-04-19,Sports,3,2351.03,7053.09,7053.09,1933.26,1253.31
617,CUST364,PROD1942,2024-09-18,Sports,3,3148.69,9446.07,9446.07,1641.66,4521.09
618,CUST137,PROD1112,2024-06-27,Electronics,5,1907.06,9535.3,9535.3,1138.34,3843.6
619,CUST919,PROD1650,2024-12-31,Fashion,3,3373.31,10119.93,10119.93,2638.5,2204.43
620,CUST925,PROD1801,2024-10-23,Home & Kitchen,3,4158.43,12475.29,12475.29,3168.27,2970.48
621,CUST522,PROD1611,2024-06-12,Fashion,3,2839.53,8518.59,8518.59,1603.15,3709.14
622,CUST683,PROD1982,2024-10-03,Grocery,1,4773.77,4773.77,4773.77,2736.67,2037.1
623,CUST543,PROD1516,2024-10-25,Books,2,119.74,239.48,239.48,75.4,88.68
624,CUST777,PROD1788,2024-11-09,Sports,2,2415.26,4830.52,4830.52,1617.22,1596.08
625,CUST219,PROD1940,2024-10-10,Electronics,5,314.73,1573.65,1573.65,225.47,446.3
626,CUST807,PROD1802,2024-06-17,Beauty,4,3243.52,12974.08,12974.08,2040.56,4811.84
627,CUST328,PROD1399,2024-09-01,Fashion,2,4305.37,8610.74,8610.74,2849.67,2911.4
628,CUST280,PROD1995,2024-11-10,Electronics,1,2339.96,2339.96,2339.96,1782.15,557.81
629,CUST362,PROD1441,2024-09-26,Home & Kitchen,2,1604.29,3208.58,3208.58,822.74,1563.1
630,CUST611,PROD1378,2024-02-24,Electronics,4,3065.58,12262.32,12262.32,1803.64,5047.76
631,CUST985,PROD1455,2024-09-09,Sports,4,2425.61,9702.44,9702.44,1818.41,2428.8
632,CUST978,PROD1805,2024-05-23,Fashion,5,1312.73,6563.65,6563.65,1067.67,1225.3
633,CUST110,PROD1987,2024-08-21,Books,2,204.17,408.34,408.34,138.65,131.04
634,CUST150,PROD1394,2024-08-04,Electronics,3,812.1,2436.3,2436.3,557.3,764.4
635,CUST570,PROD1926,2024-08-24,Sports,4,4189.97,16759.88,16759.88,2252.15,7751.28
636,CUST974,PROD1839,2024-02-02,Fashion,2,758.37,1516.74,1516.74,497.94,520.86
637,CUST478,PROD1469,2024-03-31,Books,4,1154.1,4616.4,4616.4,792.19,1447.64
638,CUST540,PROD1879,2024-10-04,Grocery,1,3330.5,3330.5,3330.5,1947.89,1382.61
639,CUST423,PROD1499,2024-09-29,Fashion,3,2886.33,8658.99,8658.99,1715.16,3513.51
640,CUST101,PROD1738,2024-10-30,Grocery,1,456.22,456.22,456.22,288.35,167.87
641,CUST504,PROD1827,2024-10-19,Sports,4,1455.19,5820.76,5820.76,737.82,2869.48
642,CUST224,PROD1346,2024-01-30,Home & Kitchen,2,2226.65,4453.3,4453.3,1364.33,1724.64
643,CUST730,PROD1244,2024-03-07,Home & Kitchen,3,4453.47,13360.41,13360.41,2556.32,5691.45
644,CUST834,PROD1702,2024-03-12,Grocery,5,946.81,4734.05,4734.05,581.93,1824.4
645,CUST657,PROD1682,2024-01-22,Grocery,1,2922.57,2922.57,2922.57,1583.79,1338.78
646,CUST687,PROD1589,2024-07-21,Beauty,4,4205.94,16823.76,16823.76,3413.9,3168.16
647,CUST682,PROD1997,2024-07-17,Fashion,2,1307.23,2614.46,2614.46,925.2,764.06
648,CUST780,PROD1037,2024-10-30,Fashion,2,1392.61,2785.22,2785.22,1027.31,730.6
649,CUST803,PROD1177,2024-01-04,Home & Kitchen,1,2467.94,2467.94,2467.94,1915.64,552.3
650,CUST701,PROD1311,2024-04-03,Home & Kitchen,4,2392.23,9568.92,9568.92,1613.45,3115.12
651,CUST741,PROD1612,2024-05-07,Books,4,4667.25,18669.0,18669.0,2475.61,8766.56
652,CUST544,PROD1871,2024-09-25,Electronics,3,4084.94,12254.82,12254.82,2810.39,3823.65
653,CUST276,PROD1564,2024-09-01,Books,3,461.5,1384.5,1384.5,325.54,407.88
654,CUST569,PROD1219,2024-02-13,Sports,5,1989.35,9946.75,9946.75,1513.7,2378.25
655,CUST455,PROD1794,2024-01-05,Grocery,1,4673.69,4673.69,4673.69,3042.95,1630.74
656,CUST760,PROD1411,2024-08-06,Fashion,2,1800.06,3600.12,3600.12,980.41,1639.3
657,CUST878,PROD1718,2024-06-24,Grocery,5,246.15,1230.75,1230.75,147.52,493.15
658,CUST294,PROD1659,2024-11-29,Fashion,4,4898.03,19592.12,19592.12,3071.45,7306.32
659,CUST127,PROD1557,2024-05-27,Sports,4,3635.09,14540.36,14540.36,2639.33,3983.04
660,CUST325,PROD1913,2024-06-06,Fashion,2,3863.94,7727.88,7727.88,2703.88,2320.12
661,CUST649,PROD1774,2024-03-25,Fashion,2,2883.69,5767.38,5767.38,1801.25,2164.88
662,CUST924,PROD1726,2024-12-09,Electronics,2,3235.66,6471.32,6471.32,2735.04,1001.24
663,CUST530,PROD1521,2024-02-29,Fashion,4,3956.36,15825.44,15825.44,2817.01,4557.4
664,CUST974,PROD1321,2024-11-21,Fashion,3,4663.41,13990.23,13990.23,2718.91,5833.5
665,CUST842,PROD1893,2024-09-09,Home & Kitchen,2,101.0,202.0,202.0,54.1,93.8
666,CUST936,PROD1733,2024-05-30,Books,1,205.79,205.79,205.79,113.9,91.89
667,CUST856,PROD1521,2024-09-30,Sports,3,2720.33,8160.99,8160.99,1594.35,3377.94
668,CUST715,PROD1707,2024-11-05,Home & Kitchen,2,3307.9,6615.8,6615.8,1839.98,2935.84
669,CUST213,PROD1174,2024-03-14,Electronics,3,836.19,2508.57,2508.57,472.7,1090.47
670,CUST932,PROD1513,2024-03-16,Beauty,4,3916.42,15665.68,15665.68,2349.0,6269.68
671,CUST387,PROD1326,2024-04-06,Books,3,4516.08,13548.24,13548.24,2532.08,5952.0
672,CUST845,PROD1380,2024-10-08,Home & Kitchen,1,1524.07,1524.07,1524.07,1240.39,283.68
673,CUST481,PROD1963,2024-11-23,Home & Kitchen,4,3468.73,13874.92,13874.92,1831.77,6547.84
674,CUST652,PROD1462,2024-05-06,Home & Kitchen,1,4769.49,4769.49,4769.49,3260.32,1509.17
675,CUST414,PROD1268,2024-06-30,Beauty,4,2895.81,11583.24,11583.24,1863.86,4127.8
676,CUST275,PROD1646,2024-07-13,Grocery,5,4719.83,23599.15,23599.15,3982.75,3685.4
677,CUST607,PROD1300,2024-07-19,Beauty,1,1446.66,1446.66,1446.66,780.06,666.6
678,CUST896,PROD1964,2024-12-12,Fashion,4,1320.23,5280.92,5280.92,843.96,1905.08
679,CUST670,PROD1872,2024-11-04,Fashion,4,128.03,512.12,512.12,107.46,82.28
680,CUST659,PROD1075,2024-04-12,Electronics,2,880.74,1761.48,1761.48,707.17,347.14
681,CUST143,PROD1912,2024-09-16,Beauty,5,4156.03,20780.15,20780.15,3266.54,4447.45
682,CUST873,PROD1673,2024-04-16,Fashion,1,1176.58,1176.58,1176.58,694.5,482.08
683,CUST247,PROD1852,2024-02-02,Fashion,2,1355.81,2711.62,2711.62,759.0,1193.62
684,CUST502,PROD1989,2024-09-14,Electronics,3,3048.28,9144.84,9144.84,2237.51,2432.31
685,CUST210,PROD1715,2024-06-10,Sports,4,3824.21,15296.84,15296.84,3156.05,2672.64
686,CUST739,PROD1060,2024-01-15,Fashion,2,3952.88,7905.76,7905.76,2746.73,2412.3
687,CUST423,PROD1699,2024-12-06,Books,5,4867.04,24335.2,24335.2,3407.24,7299.0
688,CUST695,PROD1171,2024-07-26,Beauty,2,4273.46,8546.92,8546.92,2555.5,3435.92
689,CUST634,PROD1996,2024-10-13,Books,5,3814.23,19071.15,19071.15,2934.37,4399.3
690,CUST696,PROD1357,2024-11-15,Beauty,4,3360.45,13441.8,13441.8,1900.22,5840.92
691,CUST226,PROD1552,2024-11-05,Electronics,4,4915.42,19661.68,19661.68,3014.57,7603.4
692,CUST288,PROD1452,2024-01-31,Books,2,2362.17,4724.34,4724.34,1532.82,1658.7
693,CUST643,PROD1600,2024-01-04,Beauty,5,748.16,3740.8,3740.8,507.0,1205.8
694,CUST654,PROD1159,2024-09-30,Fashion,1,2513.77,2513.77,2513.77,1470.16,1043.61
695,CUST344,PROD1174,2024-06-05,Grocery,3,2350.39,7051.17,7051.17,1269.66,3242.19
696,CUST631,PROD1074,2024-03-10,Beauty,3,1650.24,4950.72,4950.72,1177.8,1417.32
697,CUST221,PROD1984,2024-11-13,Fashion,1,3535.95,3535.95,3535.95,2125.18,1410.77
698,CUST781,PROD1780,2024-01-28,Electronics,1,3560.45,3560.45,3560.45,2504.54,1055.91
699,CUST236,PROD1832,2024-04-08,Sports,2,2631.86,5263.72,5263.72,1458.12,2347.48
700,CUST842,PROD1514,2024-10-27,Electronics,4,3553.01,14212.04,14212.04,2374.83,4712.72
701,CUST762,PROD1118,2024-05-31,Fashion,5,1867.94,9339.7,9339.7,1282.17,2928.85
702,CUST599,PROD1706,2024-10-03,Beauty,3,315.66,946.98,946.98,163.56,456.3
703,CUST845,PROD1559,2024-12-09,Beauty,1,1280.21,1280.21,1280.21,790.93,489.28
704,CUST114,PROD1658,2024-04-19,Sports,4,632.97,2531.88,2531.88,346.26,1146.84
705,CUST545,PROD1346,2024-07-22,Books,5,4772.37,23861.85,23861.85,2492.04,11401.65
706,CUST383,PROD1834,2024-02-10,Electronics,2,1575.6,3151.2,3151.2,1333.72,483.76
707,CUST223,PROD1899,2024-10-23,Home & Kitchen,3,2005.42,6016.26,6016.26,1228.97,2329.35
708,CUST553,PROD1450,2024-07-05,Electronics,3,1181.6,3544.8,3544.8,925.73,767.61
709,CUST261,PROD1730,2024-07-24,Sports,3,1583.33,4749.99,4749.99,932.78,1951.65
710,CUST871,PROD1027,2024-03-19,Fashion,3,3700.77,11102.31,11102.31,2733.11,2902.98
711,CUST724,PROD1349,2024-02-08,Books,3,3242.23,9726.69,9726.69,2483.81,2275.26
712,CUST529,PROD1387,2024-12-18,Electronics,3,4382.91,13148.73,13148.73,3105.18,3833.19
713,CUST434,PROD1801,2024-04-27,Books,1,3264.67,3264.67,3264.67,2171.17,1093.5
714,CUST901,PROD1323,2024-11-17,Fashion,5,843.34,4216.7,4216.7,543.23,1500.55
715,CUST842,PROD1021,2024-12-05,Books,4,3322.89,13291.56,13291.56,2067.18,5022.84
716,CUST370,PROD1431,2024-06-29,Grocery,4,3767.4,15069.6,15069.6,3109.37,2632.12
717,CUST517,PROD1295,2024-03-11,Sports,2,2315.77,4631.54,4631.54,1831.12,969.3
718,CUST895,PROD1153,2024-05-19,Electronics,4,1470.18,5880.72,5880.72,1231.66,954.08
719,CUST827,PROD1448,2024-09-28,Grocery,5,1186.48,5932.4,5932.4,644.86,2708.1
720,CUST478,PROD1101,2024-05-12,Home & Kitchen,4,2474.87,9899.48,9899.48,1870.52,2417.4
721,CUST723,PROD1428,2024-07-25,Home & Kitchen,1,1579.19,1579.19,1579.19,1308.23,270.96
722,CUST455,PROD1856,2024-09-04,Electronics,5,1884.79,9423.95,9423.95,1061.95,4114.2
723,CUST197,PROD1955,2024-08-04,Electronics,5,3575.24,17876.2,17876.2,1870.83,8522.05
724,CUST990,PROD1957,2024-02-18,Electronics,5,4434.7,22173.5,22173.5,3367.68,5335.1
725,CUST567,PROD1874,2024-07-28,Fashion,4,4619.81,18479.24,18479.24,3238.79,5524.08
726,CUST739,PROD1781,2024-03-08,Home & Kitchen,4,4713.08,18852.32,18852.32,3745.2,3871.52
727,CUST669,PROD1480,2024-02-19,Fashion,3,2514.52,7543.56,7543.56,1380.27,3402.75
728,CUST283,PROD1670,2024-11-19,Fashion,3,325.79,977.37,977.37,253.58,216.63
729,CUST610,PROD1318,2024-11-14,Fashion,3,3672.53,11017.59,11017.59,2095.43,4731.3
730,CUST874,PROD1023,2024-10-05,Sports,1,3930.82,3930.82,3930.82,2190.57,1740.25
731,CUST319,PROD1498,2024-10-26,Beauty,4,2332.71,9330.84,9330.84,1300.47,4128.96
732,CUST451,PROD1417,2024-06-28,Beauty,1,4309.78,4309.78,4309.78,3383.61,926.17
733,CUST515,PROD1363,2024-02-05,Grocery,4,2199.81,8799.24,8799.24,1612.06,2351.0
734,CUST670,PROD1262,2024-01-28,Electronics,3,4215.2,12645.6,12645.6,2879.29,4007.73
735,CUST832,PROD1191,2024-07-04,Fashion,3,4911.87,14735.61,14735.61,3072.82,5517.15
736,CUST871,PROD1021,2024-10-20,Beauty,5,1400.3,7001.5,7001.5,1130.07,1351.15
737,CUST192,PROD1588,2024-04-03,Books,3,1681.49,5044.47,5044.47,1071.71,1829.34
738,CUST458,PROD1000,2024-01-28,Electronics,1,2142.97,2142.97,2142.97,1683.97,459.0
739,CUST827,PROD1650,2024-09-28,Fashion,2,1380.53,2761.06,2761.06,902.45,956.16
740,CUST545,PROD1617,2024-11-04,Fashion,1,4720.37,4720.37,4720.37,2982.95,1737.42
741,CUST933,PROD1588,2024-03-18,Beauty,4,4652.01,18608.04,18608.04,3079.34,6290.68
742,CUST908,PROD1620,2024-07-28,Beauty,3,4651.34,13954.02,13954.02,2816.3,5505.12
743,CUST571,PROD1329,2024-05-18,Beauty,1,3491.93,3491.93,3491.93,2659.67,832.26
744,CUST225,PROD1776,2024-05-29,Beauty,2,1405.33,2810.66,2810.66,949.94,910.78
745,CUST421,PROD1133,2024-04-28,Sports,2,3386.61,6773.22,6773.22,1968.55,2836.12
746,CUST876,PROD1995,2024-03-07,Beauty,3,4434.33,13302.99,13302.99,3613.32,2463.03
747,CUST498,PROD1103,2024-12-04,Grocery,5,3093.9,15469.5,15469.5,1962.65,5656.25
748,CUST537,PROD1307,2024-03-25,Grocery,4,1733.98,6935.92,6935.92,1196.87,2148.44
749,CUST589,PROD1301,2024-02-17,Electronics,4,728.91,2915.64,2915.64,595.71,532.8
750,CUST656,PROD1243,2024-03-22,Fashion,2,585.53,1171.06,1171.06,420.69,329.68
751,CUST215,PROD1050,2024-09-19,Sports,1,563.1,563.1,563.1,304.59,258.51
752,CUST446,PROD1004,2024-01-18,Books,4,3503.74,14014.96,14014.96,2904.39,2397.4
753,CUST415,PROD1580,2024-01-30,Fashion,2,3499.16,6998.32,6998.32,2518.34,1961.64
754,CUST102,PROD1197,2024-05-26,Books,5,230.86,1154.3,1154.3,142.49,441.85
755,CUST946,PROD1785,2024-03-13,Electronics,1,1928.35,1928.35,1928.35,1058.17,870.18
756,CUST702,PROD1057,2024-10-11,Books,3,4257.38,12772.14,12772.14,3311.85,2836.59
757,CUST378,PROD1332,2024-10-15,Books,2,3040.91,6081.82,6081.82,2180.41,1721.0
758,CUST714,PROD1630,2024-05-23,Electronics,2,3725.65,7451.3,7451.3,2558.45,2334.4
759,CUST325,PROD1269,2024-03-02,Sports,5,3091.27,15456.35,15456.35,2512.78,2892.45
760,CUST889,PROD1759,2024-03-04,Sports,2,2321.34,4642.68,4642.68,1801.38,1039.92
761,CUST456,PROD1848,2024-10-09,Home & Kitchen,5,4125.18,20625.9,20625.9,2281.58,9218.0
762,CUST170,PROD1663,2024-05-03,Electronics,4,4428.15,17712.6,17712.6,2697.2,6923.8
763,CUST318,PROD1454,2024-09-04,Grocery,3,3046.26,9138.78,9138.78,1788.07,3774.57
764,CUST340,PROD1840,2024-12-17,Fashion,5,3565.06,17825.3,17825.3,2710.8,4271.3
765,CUST567,PROD1568,2024-06-27,Books,4,2032.11,8128.44,8128.44,1039.9,3968.84
766,CUST102,PROD1103,2024-09-19,Books,1,1866.66,1866.66,1866.66,1305.66,561.0
767,CUST676,PROD1422,2024-07-15,Beauty,4,3722.47,14889.88,14889.88,2854.62,3471.4
768,CUST266,PROD1286,2024-04-30,Electronics,5,307.45,1537.25,1537.25,248.07,296.9
769,CUST911,PROD1006,2024-05-26,Fashion,1,4945.89,4945.89,4945.89,3065.11,1880.78
770,CUST499,PROD1109,2024-04-07,Sports,4,2713.03,10852.12,10852.12,2136.35,2306.72
771,CUST876,PROD1055,2024-04-02,Home & Kitchen,2,4718.13,9436.26,9436.26,2541.76,4352.74
772,CUST803,PROD1538,2024-03-30,Grocery,1,3773.45,3773.45,3773.45,3004.64,768.81
773,CUST518,PROD1629,2024-02-29,Beauty,1,4128.91,4128.91,4128.91,2248.69,1880.22
774,CUST745,PROD1583,2024-09-21,Electronics,1,4137.18,4137.18,4137.18,2643.87,1493.31
775,CUST934,PROD1023,2024-09-01,Sports,3,519.82,1559.46,1559.46,404.97,344.55
776,CUST676,PROD1774,2024-11-08,Beauty,1,3707.41,3707.41,3707.41,2048.24,1659.17
777,CUST381,PROD1663,2024-01-07,Beauty,2,1046.69,2093.38,2093.38,607.33,878.72
778,CUST649,PROD1477,2024-06-05,Beauty,3,3225.84,9677.52,9677.52,2428.37,2392.41
779,CUST163,PROD1993,2024-12-31,Electronics,1,548.34,548.34,548.34,412.36,135.98
780,CUST243,PROD1655,2024-06-17,Books,4,991.71,3966.84,3966.84,718.4,1093.24
781,CUST713,PROD1287,2024-04-14,Fashion,1,3791.37,3791.37,3791.37,2816.54,974.83
782,CUST985,PROD1165,2024-06-28,Grocery,3,3250.67,9752.01,9752.01,2242.81,3023.58
783,CUST687,PROD1175,2024-10-03,Grocery,2,4614.13,9228.26,9228.26,2713.71,3800.84
784,CUST956,PROD1693,2024-07-19,Electronics,3,182.8,548.4,548.4,113.52,207.84
785,CUST191,PROD1889,2024-08-10,Beauty,5,4132.65,20663.25,20663.25,2328.99,9018.3
786,CUST108,PROD1884,2024-07-25,Fashion,3,4275.3,12825.9,12825.9,3497.01,2334.87
787,CUST711,PROD1017,2024-02-08,Books,3,1647.51,4942.53,4942.53,1160.16,1462.05
788,CUST899,PROD1642,2024-08-23,Electronics,5,3188.35,15941.75,15941.75,2041.49,5734.3
789,CUST534,PROD1731,2024-09-29,Books,3,4005.73,12017.19,12017.19,2650.6,4065.39
790,CUST290,PROD1259,2024-01-03,Electronics,4,477.87,1911.48,1911.48,397.37,322.0
791,CUST357,PROD1804,2024-12-26,Home & Kitchen,3,3535.92,10607.76,10607.76,1957.74,4734.54
792,CUST652,PROD1033,2024-12-25,Electronics,5,1460.08,7300.4,7300.4,1029.62,2152.3
793,CUST232,PROD1450,2024-11-08,Fashion,4,651.56,2606.24,2606.24,441.15,841.64
794,CUST280,PROD1866,2024-12-15,Home & Kitchen,5,328.42,1642.1,1642.1,234.49,469.65
795,CUST792,PROD1170,2024-05-01,Grocery,4,122.04,488.16,488.16,61.79,241.0
796,CUST719,PROD1632,2024-12-16,Electronics,5,3787.31,18936.55,18936.55,3049.71,3688.0
797,CUST761,PROD1382,2024-06-20,Home & Kitchen,4,1775.87,7103.48,7103.48,1467.3,1234.28
798,CUST601,PROD1628,2024-11-26,Fashion,3,4056.25,12168.75,12168.75,2830.44,3677.43
799,CUST503,PROD1408,2024-09-03,Books,2,532.96,1065.92,1065.92,396.43,273.06
800,CUST408,PROD1760,2024-02-21,Electronics,4,4421.51,17686.04,17686.04,3638.35,3132.64
801,CUST310,PROD1205,2024-09-05,Sports,3,1693.04,5079.12,5079.12,1265.6,1282.32
802,CUST909,PROD1043,2024-12-08,Grocery,4,2552.18,10208.72,10208.72,1412.35,4559.32
803,CUST363,PROD1297,2024-09-06,Home & Kitchen,1,3413.72,3413.72,3413.72,2395.41,1018.31
804,CUST910,PROD1552,2024-03-01,Home & Kitchen,5,3855.12,19275.6,19275.6,2746.2,5544.6
805,CUST694,PROD1982,2024-10-16,Sports,2,2884.85,5769.7,5769.7,1870.67,2028.36
806,CUST423,PROD1316,2024-07-26,Grocery,2,4448.54,8897.08,8897.08,3370.91,2155.26
807,CUST832,PROD1306,2024-06-02,Fashion,2,1198.37,2396.74,2396.74,991.09,414.56
808,CUST132,PROD1008,2024-03-03,Electronics,3,3233.73,9701.19,9701.19,2664.43,1707.9
809,CUST516,PROD1502,2024-07-30,Grocery,4,4005.6,16022.4,16022.4,2634.86,5482.96
810,CUST771,PROD1287,2024-03-23,Grocery,5,2203.02,11015.1,11015.1,1188.82,5071.0
811,CUST699,PROD1136,2024-08-17,Books,5,4354.52,21772.6,21772.6,3678.24,3381.4
812,CUST330,PROD1312,2024-04-30,Fashion,5,2974.57,14872.85,14872.85,2360.66,3069.55
813,CUST166,PROD1420,2024-06-14,Grocery,1,4107.26,4107.26,4107.26,2232.84,1874.42
814,CUST113,PROD1210,2024-07-11,Beauty,3,2374.81,7124.43,7124.43,1952.79,1266.06
815,CUST104,PROD1709,2024-11-07,Beauty,4,2163.79,8655.16,8655.16,1740.69,1692.4
816,CUST982,PROD1125,2024-11-21,Books,5,4060.14,20300.7,20300.7,2767.36,6463.9
817,CUST182,PROD1607,2024-08-23,Fashion,1,4720.33,4720.33,4720.33,3337.02,1383.31
818,CUST485,PROD1238,2024-04-15,Sports,2,2512.52,5025.04,5025.04,1607.14,1810.76
819,CUST691,PROD1842,2024-03-09,Home & Kitchen,3,1461.23,4383.69,4383.69,758.62,2107.83
820,CUST571,PROD1032,2024-05-31,Fashion,3,4206.39,12619.17,12619.17,2596.68,4829.13
821,CUST326,PROD1556,2024-10-09,Home & Kitchen,3,4206.79,12620.37,12620.37,3285.5,2763.87
822,CUST365,PROD1577,2024-09-24,Home & Kitchen,2,4701.5,9403.0,9403.0,2358.37,4686.26
823,CUST547,PROD1761,2024-03-21,Home & Kitchen,5,4687.02,23435.1,23435.1,2890.6,8982.1
824,CUST907,PROD1273,2024-06-24,Grocery,3,4770.35,14311.05,14311.05,3049.97,5161.14
825,CUST630,PROD1156,2024-12-25,Grocery,2,3847.75,7695.5,7695.5,2647.59,2400.32
826,CUST870,PROD1579,2024-12-20,Home & Kitchen,2,955.05,1910.1,1910.1,785.0,340.1
827,CUST473,PROD1238,2024-01-04,Electronics,5,3896.34,19481.7,19481.7,2420.49,7379.25
828,CUST911,PROD1417,2024-02-16,Home & Kitchen,1,3783.52,3783.52,3783.52,2351.21,1432.31
829,CUST898,PROD1451,2024-07-04,Sports,1,2257.45,2257.45,2257.45,1711.43,546.02
830,CUST476,PROD1376,2024-07-18,Sports,2,1542.88,3085.76,3085.76,1015.64,1054.48
831,CUST526,PROD1779,2024-07-02,Sports,4,3975.39,15901.56,15901.56,2300.21,6700.72
832,CUST691,PROD1307,2024-06-12,Home & Kitchen,1,4693.89,4693.89,4693.89,3090.24,1603.65
833,CUST659,PROD1875,2024-05-26,Electronics,2,4322.84,8645.68,8645.68,2374.54,3896.6
834,CUST838,PROD1123,2024-01-13,Books,5,255.24,1276.2,1276.2,143.38,559.3
835,CUST560,PROD1436,2024-04-12,Home & Kitchen,3,1794.97,5384.91,5384.91,1210.58,1753.17
836,CUST627,PROD1666,2024-07-31,Sports,3,3784.35,11353.05,11353.05,2447.05,4011.9
837,CUST695,PROD1373,2024-04-12,Sports,3,2651.73,7955.19,7955.19,2174.94,1430.37
838,CUST682,PROD1810,2024-12-28,Beauty,5,4328.17,21640.85,21640.85,2713.06,8075.55
839,CUST580,PROD1433,2024-03-19,Books,2,4911.19,9822.38,9822.38,3453.58,2915.22
840,CUST529,PROD1530,2024-01-30,Sports,3,1687.1,5061.3,5061.3,1216.89,1410.63
841,CUST798,PROD1134,2024-02-02,Books,1,248.43,248.43,248.43,125.35,123.08
842,CUST370,PROD1387,2024-05-18,Grocery,2,4696.4,9392.8,9392.8,3438.88,2515.04
843,CUST177,PROD1462,2024-04-20,Books,4,186.61,746.44,746.44,104.93,326.72
844,CUST800,PROD1536,2024-12-23,Books,5,2304.95,11524.75,11524.75,1927.8,1885.75
845,CUST344,PROD1155,2024-11-18,Electronics,4,3052.54,12210.16,12210.16,1685.1,5469.76
846,CUST422,PROD1739,2024-12-18,Electronics,4,3771.57,15086.28,15086.28,2433.11,5353.84
847,CUST914,PROD1083,2024-09-19,Grocery,1,596.13,596.13,596.13,315.87,280.26
848,CUST748,PROD1230,2024-03-15,Fashion,3,3587.44,10762.32,10762.32,3045.4,1626.12
849,CUST113,PROD1957,2024-06-16,Electronics,2,2992.17,5984.34,5984.34,2022.01,1940.32
850,CUST523,PROD1476,2024-03-15,Sports,5,1836.01,9180.05,9180.05,1300.6,2677.05
851,CUST380,PROD1478,2024-04-16,Home & Kitchen,4,894.28,3577.12,3577.12,468.13,1704.6
852,CUST986,PROD1076,2024-07-15,Grocery,3,4478.98,13436.94,13436.94,3415.16,3191.46
853,CUST992,PROD1183,2024-03-15,Beauty,4,4620.06,18480.24,18480.24,2649.45,7882.44
854,CUST865,PROD1137,2024-06-19,Books,5,2162.49,10812.45,10812.45,1760.96,2007.65
855,CUST820,PROD1972,2024-11-09,Fashion,2,629.43,1258.86,1258.86,359.91,539.04
856,CUST828,PROD1477,2024-11-04,Beauty,2,3753.09,7506.18,7506.18,2127.03,3252.12
857,CUST894,PROD1646,2024-02-04,Grocery,5,4851.67,24258.35,24258.35,2487.9,11818.85
858,CUST711,PROD1688,2024-04-20,Beauty,4,4931.28,19725.12,19725.12,3280.4,6603.52
859,CUST160,PROD1838,2024-12-18,Beauty,1,3874.19,3874.19,3874.19,2703.0,1171.19
860,CUST825,PROD1305,2024-09-03,Electronics,1,3351.59,3351.59,3351.59,1752.87,1598.72
861,CUST512,PROD1692,2024-08-26,Home & Kitchen,2,4235.99,8471.98,8471.98,3267.79,1936.4
862,CUST231,PROD1401,2024-07-02,Electronics,4,837.11,3348.44,3348.44,551.36,1143.0
863,CUST228,PROD1112,2024-09-29,Books,3,3450.75,10352.25,10352.25,2358.71,3276.12
864,CUST491,PROD1585,2024-01-03,Sports,3,4806.75,14420.25,14420.25,3144.9,4985.55
865,CUST689,PROD1706,2024-07-28,Books,2,1594.9,3189.8,3189.8,1021.16,1147.48
866,CUST431,PROD1919,2024-10-24,Home & Kitchen,1,3553.07,3553.07,3553.07,2472.49,1080.58
867,CUST877,PROD1871,2024-04-13,Home & Kitchen,5,305.43,1527.15,1527.15,169.31,680.6
868,CUST540,PROD1574,2024-11-13,Electronics,2,1267.29,2534.58,2534.58,714.34,1105.9
869,CUST351,PROD1804,2024-12-12,Fashion,3,283.71,851.13,851.13,227.43,168.84
870,CUST124,PROD1526,2024-01-17,Books,2,619.7,1239.4,1239.4,515.06,209.28
871,CUST998,PROD1065,2024-06-29,Books,1,3190.09,3190.09,3190.09,2011.86,1178.23
872,CUST216,PROD1798,2024-11-11,Books,5,1178.09,5890.45,5890.45,700.68,2387.05
873,CUST490,PROD1325,2024-03-19,Fashion,1,1199.54,1199.54,1199.54,870.15,329.39
874,CUST742,PROD1884,2024-04-25,Home & Kitchen,1,3065.18,3065.18,3065.18,1971.09,1094.09
875,CUST940,PROD1862,2024-09-02,Grocery,5,1709.94,8549.7,8549.7,870.16,4198.9
876,CUST825,PROD1028,2024-07-27,Sports,5,1032.06,5160.3,5160.3,572.44,2298.1
877,CUST355,PROD1385,2024-04-24,Electronics,3,2587.15,7761.45,7761.45,1941.89,1935.78
878,CUST780,PROD1869,2024-10-14,Grocery,5,2039.13,10195.65,10195.65,1489.84,2746.45
879,CUST843,PROD1485,2024-09-17,Fashion,3,703.35,2110.05,2110.05,358.35,1035.0
880,CUST393,PROD1727,2024-03-15,Grocery,3,697.43,2092.29,2092.29,402.9,883.59
881,CUST698,PROD1297,2024-01-09,Fashion,2,4206.18,8412.36,8412.36,2443.27,3525.82
882,CUST748,PROD1325,2024-01-17,Books,3,401.01,1203.03,1203.03,294.81,318.6
883,CUST429,PROD1858,2024-12-14,Electronics,3,1775.11,5325.33,5325.33,899.8,2625.93
884,CUST286,PROD1360,2024-12-24,Books,2,2797.01,5594.02,5594.02,1500.42,2593.18
885,CUST441,PROD1735,2024-10-09,Grocery,5,3138.76,15693.8,15693.8,2448.14,3453.1
886,CUST539,PROD1162,2024-07-25,Electronics,5,3143.43,15717.15,15717.15,1768.15,6876.4
887,CUST313,PROD1396,2024-02-27,Books,1,1015.37,1015.37,1015.37,739.66,275.71
888,CUST346,PROD1511,2024-06-18,Home & Kitchen,5,2965.06,14825.3,14825.3,1729.71,6176.75
889,CUST142,PROD1394,2024-02-28,Books,4,1757.09,7028.36,7028.36,939.7,3269.56
890,CUST956,PROD1577,2024-10-12,Grocery,2,544.68,1089.36,1089.36,318.7,451.96
891,CUST614,PROD1864,2024-01-10,Electronics,4,4599.27,18397.08,18397.08,3462.3,4547.88
892,CUST765,PROD1889,2024-05-21,Fashion,5,1621.54,8107.7,8107.7,1296.41,1625.65
893,CUST212,PROD1604,2024-05-31,Grocery,5,4213.89,21069.45,21069.45,3331.4,4412.45
894,CUST829,PROD1478,2024-11-23,Books,5,4612.96,23064.8,23064.8,2947.75,8326.05
895,CUST202,PROD1316,2024-06-18,Sports,4,355.62,1422.48,1422.48,260.96,378.64
896,CUST370,PROD1621,2024-01-12,Electronics,1,143.24,143.24,143.24,81.9,61.34
897,CUST698,PROD1563,2024-01-03,Fashion,5,986.93,4934.65,4934.65,594.73,1961.0
898,CUST373,PROD1037,2024-09-23,Books,2,4189.31,8378.62,8378.62,3408.92,1560.78
899,CUST278,PROD1863,2024-06-21,Beauty,3,2466.65,7399.95,7399.95,1244.55,3666.3
900,CUST669,PROD1765,2024-12-01,Books,4,2419.17,9676.68,9676.68,1281.99,4548.72
901,CUST145,PROD1827,2024-12-28,Electronics,5,3804.22,19021.1,19021.1,2178.91,8126.55
902,CUST266,PROD1002,2024-12-30,Grocery,5,3922.45,19612.25,19612.25,1997.65,9624.0
903,CUST471,PROD1606,2024-12-09,Beauty,4,193.52,774.08,774.08,109.05,337.88
904,CUST615,PROD1808,2024-10-20,Grocery,1,4837.51,4837.51,4837.51,3405.92,1431.59
905,CUST887,PROD1873,2024-08-22,Home & Kitchen,4,3615.66,14462.64,14462.64,2341.13,5098.12
906,CUST819,PROD1828,2024-07-01,Beauty,1,595.71,595.71,595.71,483.98,111.73
907,CUST916,PROD1552,2024-04-28,Beauty,1,1699.09,1699.09,1699.09,1335.66,363.43
908,CUST241,PROD1208,2024-04-27,Beauty,2,3483.4,6966.8,6966.8,2158.44,2649.92
909,CUST814,PROD1311,2024-09-07,Sports,4,1277.8,5111.2,5111.2,754.92,2091.52
910,CUST230,PROD1050,2024-05-02,Home & Kitchen,1,2377.56,2377.56,2377.56,1504.74,872.82
911,CUST299,PROD1374,2024-07-06,Grocery,2,1296.25,2592.5,2592.5,915.93,760.64
912,CUST648,PROD1600,2024-10-06,Fashion,5,3028.87,15144.35,15144.35,1798.61,6151.3
913,CUST709,PROD1390,2024-12-20,Sports,5,1734.13,8670.65,8670.65,1245.89,2441.2
914,CUST897,PROD1799,2024-07-16,Grocery,1,4148.64,4148.64,4148.64,2668.8,1479.84
915,CUST111,PROD1711,2024-01-28,Home & Kitchen,1,4607.8,4607.8,4607.8,3194.2,1413.6
916,CUST509,PROD1252,2024-07-19,Books,1,1221.56,1221.56,1221.56,797.24,424.32
917,CUST400,PROD1035,2024-12-07,Sports,5,4607.55,23037.75,23037.75,2778.64,9144.55
918,CUST132,PROD1789,2024-05-04,Grocery,5,403.7,2018.5,2018.5,335.86,339.2
919,CUST193,PROD1737,2024-09-18,Home & Kitchen,4,2214.47,8857.88,8857.88,1699.08,2061.56
920,CUST354,PROD1134,2024-11-30,Fashion,5,3216.96,16084.8,16084.8,1766.24,7253.6
921,CUST869,PROD1947,2024-09-14,Fashion,1,2414.3,2414.3,2414.3,1941.01,473.29
922,CUST487,PROD1667,2024-04-30,Electronics,1,3817.76,3817.76,3817.76,2560.19,1257.57
923,CUST224,PROD1956,2024-09-04,Fashion,3,4552.11,13656.33,13656.33,3701.29,2552.46
924,CUST311,PROD1704,2024-11-04,Grocery,3,4638.47,13915.41,13915.41,3617.77,3062.1
925,CUST584,PROD1744,2024-12-13,Fashion,3,4098.53,12295.59,12295.59,2659.23,4317.9
926,CUST490,PROD1541,2024-02-02,Beauty,5,902.15,4510.75,4510.75,458.17,2219.9
927,CUST135,PROD1826,2024-04-24,Home & Kitchen,3,477.71,1433.13,1433.13,283.78,581.79
928,CUST120,PROD1119,2024-01-04,Fashion,1,172.87,172.87,172.87,119.21,53.66
929,CUST786,PROD1744,2024-02-15,Home & Kitchen,5,1650.58,8252.9,8252.9,1191.25,2296.65
930,CUST450,PROD1821,2024-11-08,Fashion,4,561.47,2245.88,2245.88,331.41,920.24
931,CUST596,PROD1305,2024-07-19,Grocery,5,3560.61,17803.05,17803.05,1953.97,8033.2
932,CUST601,PROD1489,2024-04-21,Books,5,782.65,3913.25,3913.25,620.04,813.05
933,CUST783,PROD1010,2024-12-15,Grocery,4,190.22,760.88,760.88,160.65,118.28
934,CUST926,PROD1663,2024-10-28,Sports,4,3000.8,12003.2,12003.2,2052.52,3793.12
935,CUST568,PROD1227,2024-03-02,Sports,4,2345.24,9380.96,9380.96,1313.54,4126.8
936,CUST690,PROD1985,2024-04-03,Sports,2,3815.0,7630.0,7630.0,2271.1,3087.8
937,CUST445,PROD1436,2024-05-21,Sports,5,1447.13,7235.65,7235.65,732.88,3571.25
938,CUST798,PROD1295,2024-09-12,Books,5,3682.93,18414.65,18414.65,3020.02,3314.55
939,CUST580,PROD1894,2024-10-08,Home & Kitchen,1,3040.7,3040.7,3040.7,1645.67,1395.03
940,CUST829,PROD1167,2024-03-24,Electronics,4,478.91,1915.64,1915.64,336.09,571.28
941,CUST619,PROD1308,2024-10-16,Sports,5,4081.38,20406.9,20406.9,2432.17,8246.05
942,CUST116,PROD1625,2024-10-11,Beauty,5,4140.12,20700.6,20700.6,2873.09,6335.15
943,CUST434,PROD1710,2024-04-11,Sports,2,3370.77,6741.54,6741.54,2453.91,1833.72
944,CUST468,PROD1968,2024-05-26,Fashion,2,2755.77,5511.54,5511.54,2178.19,1155.16
945,CUST762,PROD1011,2024-11-10,Home & Kitchen,5,770.46,3852.3,3852.3,440.89,1647.85
946,CUST755,PROD1505,2024-04-16,Beauty,1,4502.66,4502.66,4502.66,2268.66,2234.0
947,CUST815,PROD1537,2024-03-09,Electronics,5,2359.54,11797.7,11797.7,1292.82,5333.6
948,CUST996,PROD1397,2024-05-15,Sports,4,3526.69,14106.76,14106.76,2874.28,2609.64
949,CUST452,PROD1860,2024-09-18,Beauty,3,327.83,983.49,983.49,264.19,190.92
950,CUST748,PROD1830,2024-10-06,Sports,3,642.04,1926.12,1926.12,455.27,560.31
951,CUST233,PROD1105,2024-05-18,Electronics,3,1578.77,4736.31,4736.31,1121.21,1372.68
952,CUST979,PROD1068,2024-11-01,Beauty,4,589.9,2359.6,2359.6,432.26,630.56
953,CUST574,PROD1874,2024-03-26,Home & Kitchen,5,354.16,1770.8,1770.8,198.82,776.7
954,CUST946,PROD1499,2024-02-16,Grocery,2,4643.73,9287.46,9287.46,3808.06,1671.34
955,CUST929,PROD1759,2024-03-30,Books,1,3816.26,3816.26,3816.26,2467.48,1348.78
956,CUST762,PROD1074,2024-08-04,Grocery,1,1537.33,1537.33,1537.33,974.82,562.51
957,CUST751,PROD1348,2024-09-02,Electronics,2,3068.06,6136.12,6136.12,2091.25,1953.62
958,CUST383,PROD1371,2024-07-22,Sports,2,282.51,565.02,565.02,145.9,273.22
959,CUST411,PROD1895,2024-07-08,Beauty,3,4380.52,13141.56,13141.56,2445.2,5805.96
960,CUST985,PROD1882,2024-09-08,Sports,1,263.15,263.15,263.15,199.55,63.6
961,CUST976,PROD1139,2024-03-15,Fashion,3,4742.58,14227.74,14227.74,2508.73,6701.55
962,CUST588,PROD1561,2024-06-21,Books,4,238.82,955.28,955.28,169.83,275.96
963,CUST166,PROD1761,2024-07-13,Books,5,3532.74,17663.7,17663.7,2069.73,7315.05
964,CUST723,PROD1919,2024-11-18,Fashion,1,4645.81,4645.81,4645.81,2955.91,1689.9
965,CUST668,PROD1061,2024-12-09,Home & Kitchen,3,2086.52,6259.56,6259.56,1254.09,2497.29
966,CUST930,PROD1043,2024-05-10,Books,4,4268.41,17073.64,17073.64,2665.56,6411.4
967,CUST748,PROD1884,2024-05-19,Home & Kitchen,3,657.0,1971.0,1971.0,493.84,489.48
968,CUST176,PROD1757,2024-11-12,Fashion,1,3959.91,3959.91,3959.91,2391.76,1568.15
969,CUST514,PROD1916,2024-08-28,Electronics,3,740.17,2220.51,2220.51,516.82,670.05
970,CUST520,PROD1087,2024-11-19,Home & Kitchen,2,4346.6,8693.2,8693.2,2897.52,2898.16
971,CUST796,PROD1448,2024-10-13,Sports,5,1159.64,5798.2,5798.2,849.19,1552.25
972,CUST674,PROD1575,2024-12-07,Books,4,4676.13,18704.52,18704.52,3871.32,3219.24
973,CUST237,PROD1668,2024-06-10,Sports,3,3475.22,10425.66,10425.66,2628.66,2539.68
974,CUST913,PROD1116,2024-07-19,Electronics,4,3368.97,13475.88,13475.88,1937.93,5724.16
975,CUST432,PROD1320,2024-12-13,Home & Kitchen,5,389.63,1948.15,1948.15,199.07,952.8
976,CUST649,PROD1588,2024-03-25,Beauty,5,2763.87,13819.35,13819.35,1635.64,5641.15
977,CUST448,PROD1642,2024-01-25,Home & Kitchen,4,3114.41,12457.64,12457.64,2205.87,3634.16
978,CUST458,PROD1128,2024-02-01,Electronics,2,1038.55,2077.1,2077.1,537.97,1001.16
979,CUST607,PROD1679,2024-07-08,Fashion,2,774.92,1549.84,1549.84,522.09,505.66
980,CUST367,PROD1961,2024-01-02,Books,2,722.63,1445.26,1445.26,512.27,420.72
981,CUST413,PROD1786,2024-03-26,Sports,3,4985.47,14956.41,14956.41,3075.96,5728.53
982,CUST292,PROD1299,2024-10-04,Home & Kitchen,2,1595.32,3190.64,3190.64,1228.11,734.42
983,CUST352,PROD1996,2024-01-07,Sports,1,325.33,325.33,325.33,174.8,150.53
984,CUST707,PROD1709,2024-11-16,Books,3,1373.1,4119.3,4119.3,722.66,1951.32
985,CUST711,PROD1839,2024-06-23,Sports,2,4678.67,9357.34,9357.34,3531.77,2293.8
986,CUST707,PROD1101,2024-03-21,Books,1,2035.67,2035.67,2035.67,1370.86,664.81
987,CUST979,PROD1277,2024-06-08,Sports,4,960.01,3840.04,3840.04,711.31,994.8
988,CUST767,PROD1930,2024-12-30,Home & Kitchen,4,2614.9,10459.6,10459.6,1705.41,3637.96
989,CUST488,PROD1952,2024-11-09,Books,3,2067.09,6201.27,6201.27,1211.81,2565.84
990,CUST323,PROD1473,2024-03-10,Electronics,3,3358.11,10074.33,10074.33,2641.78,2148.99
991,CUST907,PROD1170,2024-12-24,Home & Kitchen,5,2103.44,10517.2,10517.2,1640.25,2315.95
992,CUST418,PROD1214,2024-11-05,Fashion,1,2564.01,2564.01,2564.01,1905.43,658.58
993,CUST666,PROD1152,2024-07-08,Beauty,5,4354.96,21774.8,21774.8,2592.29,8813.35
994,CUST364,PROD1538,2024-03-18,Home & Kitchen,3,1896.4,5689.2,5689.2,1339.96,1669.32
995,CUST774,PROD1051,2024-11-12,Home & Kitchen,1,2122.54,2122.54,2122.54,1329.43,793.11
996,CUST492,PROD1939,2024-10-31,Grocery,5,505.06,2525.3,2525.3,268.72,1181.7
997,CUST527,PROD1136,2024-09-16,Beauty,5,3044.37,15221.85,15221.85,2499.61,2723.8
998,CUST449,PROD1738,2024-05-23,Beauty,3,1594.99,4784.97,4784.97,873.87,2163.36
999,CUST264,PROD1951,2024-08-26,Home & Kitchen,1,4662.66,4662.66,4662.66,3882.05,780.61
1000,CUST730,PROD1254,2024-09-10,Books,2,4879.26,9758.52,9758.52,3201.29,3355.94
1001,CUST143,PROD1647,2024-08-21,Fashion,5,4372.71,21863.55,21863.55,2469.69,9515.1
1002,CUST949,PROD1094,2024-04-26,Beauty,5,2223.38,11116.9,11116.9,1533.39,3449.95
1003,CUST138,PROD1716,2024-03-20,Home & Kitchen,2,3307.99,6615.98,6615.98,2664.69,1286.6
1004,CUST729,PROD1404,2024-05-31,Grocery,2,3496.2,6992.4,6992.4,2644.1,1704.2
1005,CUST549,PROD1494,2024-12-04,Electronics,4,2326.81,9307.24,9307.24,1820.26,2026.2
1006,CUST830,PROD1740,2024-12-09,Sports,1,1702.63,1702.63,1702.63,1243.9,458.73
1007,CUST641,PROD1421,2024-07-06,Fashion,3,1853.51,5560.53,5560.53,1375.85,1432.98
1008,CUST735,PROD1752,2024-05-25,Fashion,1,1359.53,1359.53,1359.53,1083.84,275.69
1009,CUST466,PROD1789,2024-02-16,Home & Kitchen,3,4409.4,13228.2,13228.2,2590.01,5458.17
1010,CUST129,PROD1070,2024-08-26,Beauty,4,2425.92,9703.68,9703.68,1628.52,3189.6
1011,CUST876,PROD1632,2024-04-18,Grocery,3,2163.25,6489.75,6489.75,1249.11,2742.42
1012,CUST507,PROD1431,2024-06-18,Beauty,1,2930.44,2930.44,2930.44,2478.23,452.21
1013,CUST383,PROD1198,2024-09-11,Home & Kitchen,3,2806.61,8419.83,8419.83,2330.67,1427.82
1014,CUST974,PROD1066,2024-10-03,Beauty,2,1201.35,2402.7,2402.7,617.25,1168.2
1015,CUST809,PROD1777,2024-03-23,Beauty,4,1609.51,6438.04,6438.04,1202.23,1629.12
1016,CUST801,PROD1362,2024-02-12,Books,5,4033.79,20168.95,20168.95,3323.19,3553.0
1017,CUST781,PROD1324,2024-04-10,Home & Kitchen,5,4213.74,21068.7,21068.7,2373.18,9202.8
1018,CUST632,PROD1062,2024-12-22,Home & Kitchen,1,1614.54,1614.54,1614.54,1128.21,486.33
1019,CUST128,PROD1363,2024-10-26,Grocery,4,4847.36,19389.44,19389.44,3976.88,3481.92
1020,CUST270,PROD1482,2024-04-24,Beauty,3,1133.74,3401.22,3401.22,580.34,1660.2
1021,CUST870,PROD1472,2024-12-13,Grocery,4,2489.52,9958.08,9958.08,1852.44,2548.32
1022,CUST877,PROD1873,2024-07-04,Electronics,2,674.29,1348.58,1348.58,407.32,533.94
1023,CUST459,PROD1537,2024-08-16,Grocery,5,260.58,1302.9,1302.9,214.6,229.9
1024,CUST601,PROD1075,2024-12-20,Books,2,1072.79,2145.58,2145.58,901.0,343.58
1025,CUST934,PROD1290,2024-02-06,Electronics,4,4643.08,18572.32,18572.32,3856.05,3148.12
1026,CUST340,PROD1521,2024-08-02,Sports,3,2489.07,7467.21,7467.21,1657.66,2494.23
1027,CUST220,PROD1578,2024-06-11,Home & Kitchen,2,426.82,853.64,853.64,342.19,169.26
1028,CUST141,PROD1451,2024-06-25,Sports,3,3598.1,10794.3,10794.3,2862.62,2206.44
1029,CUST105,PROD1895,2024-07-05,Fashion,2,938.14,1876.28,1876.28,573.85,728.58
1030,CUST247,PROD1243,2024-08-29,Electronics,5,4871.98,24359.9,24359.9,3849.45,5112.65
1031,CUST762,PROD1066,2024-06-20,Grocery,4,4234.1,16936.4,16936.4,2171.89,8248.84
1032,CUST205,PROD1217,2024-08-27,Books,3,1145.94,3437.82,3437.82,812.12,1001.46
1033,CUST903,PROD1975,2024-06-26,Sports,5,4974.89,24874.45,24874.45,2887.94,10434.75
1034,CUST838,PROD1651,2024-08-16,Home & Kitchen,1,800.62,800.62,800.62,434.09,366.53
1035,CUST864,PROD1949,2024-08-29,Grocery,1,2043.65,2043.65,2043.65,1076.87,966.78
1036,CUST233,PROD1849,2024-04-29,Home & Kitchen,1,2746.45,2746.45,2746.45,2042.54,703.91
1037,CUST193,PROD1377,2024-02-09,Sports,3,3076.47,9229.41,9229.41,1904.2,3516.81
1038,CUST527,PROD1966,2024-11-28,Home & Kitchen,5,4217.59,21087.95,21087.95,3178.66,5194.65
1039,CUST725,PROD1234,2024-10-05,Sports,3,1541.99,4625.97,4625.97,806.27,2207.16
1040,CUST851,PROD1498,2024-03-05,Fashion,3,3332.73,9998.19,9998.19,2034.14,3895.77
1041,CUST528,PROD1868,2024-06-09,Books,2,2494.11,4988.22,4988.22,1718.0,1552.22
1042,CUST243,PROD1384,2024-11-15,Grocery,3,3762.65,11287.95,11287.95,2922.65,2520.0
1043,CUST246,PROD1027,2024-08-16,Grocery,2,3324.41,6648.82,6648.82,2033.09,2582.64
1044,CUST538,PROD1647,2024-03-29,Books,3,3236.27,9708.81,9708.81,2327.08,2727.57
1045,CUST498,PROD1023,2024-04-23,Sports,3,147.74,443.22,443.22,119.68,84.18
1046,CUST299,PROD1458,2024-01-27,Electronics,3,1732.23,5196.69,5196.69,1239.5,1478.19
1047,CUST646,PROD1275,2024-12-24,Grocery,3,1117.68,3353.04,3353.04,649.97,1403.13
1048,CUST930,PROD1322,2024-05-23,Electronics,3,4795.96,14387.88,14387.88,2438.94,7071.06
1049,CUST781,PROD1079,2024-11-11,Beauty,3,4022.99,12068.97,12068.97,3236.63,2359.08
1050,CUST382,PROD1095,2024-07-30,Sports,3,4793.95,14381.85,14381.85,2432.66,7083.87
1051,CUST854,PROD1916,2024-06-04,Electronics,1,2505.37,2505.37,2505.37,2019.69,485.68
1052,CUST585,PROD1813,2024-01-13,Electronics,1,2516.85,2516.85,2516.85,1724.36,792.49
1053,CUST344,PROD1952,2024-03-24,Beauty,2,700.65,1401.3,1401.3,580.61,240.08
1054,CUST914,PROD1493,2024-02-08,Beauty,1,717.24,717.24,717.24,559.14,158.1
1055,CUST283,PROD1972,2024-01-23,Beauty,1,3071.19,3071.19,3071.19,2608.29,462.9
1056,CUST457,PROD1950,2024-12-26,Beauty,5,3424.25,17121.25,17121.25,2132.45,6459.0
1057,CUST744,PROD1888,2024-01-18,Books,2,2879.54,5759.08,5759.08,2212.97,1333.14
1058,CUST524,PROD1388,2024-09-15,Sports,2,3864.06,7728.12,7728.12,2475.61,2776.9
1059,CUST639,PROD1547,2024-03-15,Grocery,3,1622.55,4867.65,4867.65,1083.79,1616.28
1060,CUST229,PROD1553,2024-05-17,Beauty,4,753.04,3012.16,3012.16,541.91,844.52
1061,CUST294,PROD1040,2024-01-06,Electronics,3,3732.64,11197.92,11197.92,3007.71,2174.79
1062,CUST142,PROD1970,2024-05-06,Grocery,2,942.03,1884.06,1884.06,795.48,293.1
1063,CUST368,PROD1972,2024-09-10,Electronics,1,3182.95,3182.95,3182.95,2447.36,735.59
1064,CUST767,PROD1157,2024-06-29,Electronics,4,104.01,416.04,416.04,67.21,147.2
1065,CUST419,PROD1407,2024-07-25,Home & Kitchen,4,2371.96,9487.84,9487.84,1535.78,3344.72
1066,CUST333,PROD1083,2024-01-29,Home & Kitchen,5,2376.16,11880.8,11880.8,1801.49,2873.35
1067,CUST617,PROD1804,2024-07-01,Grocery,1,4495.08,4495.08,4495.08,2623.2,1871.88
1068,CUST757,PROD1376,2024-12-02,Sports,3,1762.3,5286.9,5286.9,949.29,2439.03
1069,CUST522,PROD1216,2024-07-25,Beauty,5,3447.75,17238.75,17238.75,2151.8,6479.75
1070,CUST768,PROD1006,2024-03-29,Sports,1,248.27,248.27,248.27,149.09,99.18
1071,CUST931,PROD1984,2024-07-07,Sports,4,1863.2,7452.8,7452.8,1124.83,2953.48
1072,CUST600,PROD1564,2024-04-28,Books,3,4210.03,12630.09,12630.09,2449.24,5282.37
1073,CUST146,PROD1957,2024-01-20,Beauty,2,3853.7,7707.4,7707.4,1983.63,3740.14
1074,CUST169,PROD1606,2024-10-17,Sports,1,2705.33,2705.33,2705.33,1369.59,1335.74
1075,CUST243,PROD1638,2024-07-13,Beauty,4,3195.33,12781.32,12781.32,2702.3,1972.12
1076,CUST555,PROD1094,2024-04-07,Beauty,5,3167.74,15838.7,15838.7,2058.15,5547.95
1077,CUST266,PROD1643,2024-05-11,Fashion,4,4195.64,16782.56,16782.56,2662.19,6133.8
1078,CUST944,PROD1670,2024-08-26,Beauty,2,3638.23,7276.46,7276.46,2684.56,1907.34
1079,CUST349,PROD1311,2024-05-09,Grocery,3,878.13,2634.39,2634.39,506.14,1115.97
1080,CUST330,PROD1666,2024-06-11,Sports,5,4605.55,23027.75,23027.75,3834.06,3857.45
1081,CUST381,PROD1942,2024-03-15,Sports,3,309.86,929.58,929.58,240.21,208.95
1082,CUST167,PROD1902,2024-03-31,Sports,3,2024.9,6074.7,6074.7,1075.82,2847.24
1083,CUST755,PROD1037,2024-12-15,Beauty,4,1247.63,4990.52,4990.52,806.16,1765.88
1084,CUST771,PROD1766,2024-01-17,Books,3,3114.79,9344.37,9344.37,2515.79,1797.0
1085,CUST660,PROD1148,2024-02-16,Grocery,1,1350.44,1350.44,1350.44,1121.75,228.69
1086,CUST381,PROD1833,2024-11-02,Grocery,4,1376.52,5506.08,5506.08,913.45,1852.28
1087,CUST717,PROD1382,2024-05-16,Sports,3,1003.23,3009.69,3009.69,717.0,858.69
1088,CUST385,PROD1193,2024-10-07,Books,2,1515.28,3030.56,3030.56,846.23,1338.1
1089,CUST188,PROD1535,2024-12-17,Books,5,288.0,1440.0,1440.0,243.91,220.45
1090,CUST154,PROD1126,2024-04-02,Fashion,3,2578.53,7735.59,7735.59,1498.35,3240.54
1091,CUST569,PROD1794,2024-01-25,Sports,3,4673.9,14021.7,14021.7,3879.13,2384.31
1092,CUST534,PROD1554,2024-12-02,Grocery,4,1876.86,7507.44,7507.44,1365.18,2046.72
1093,CUST435,PROD1892,2024-10-09,Books,1,2016.61,2016.61,2016.61,1437.25,579.36
1094,CUST436,PROD1718,2024-05-20,Fashion,4,249.6,998.4,998.4,169.59,320.04
1095,CUST717,PROD1774,2024-09-08,Beauty,2,4801.11,9602.22,9602.22,2788.17,4025.88
1096,CUST930,PROD1079,2024-06-13,Fashion,1,2107.89,2107.89,2107.89,1184.18,923.71
1097,CUST565,PROD1952,2024-01-23,Home & Kitchen,1,957.32,957.32,957.32,552.54,404.78
1098,CUST351,PROD1301,2024-08-05,Grocery,1,4057.14,4057.14,4057.14,2293.31,1763.83
1099,CUST814,PROD1150,2024-03-20,Home & Kitchen,2,2582.49,5164.98,5164.98,1995.89,1173.2
1100,CUST210,PROD1297,2024-09-13,Electronics,4,4823.05,19292.2,19292.2,3002.56,7281.96
1101,CUST397,PROD1688,2024-09-05,Books,2,165.88,331.76,331.76,86.3,159.16
1102,CUST298,PROD1017,2024-11-25,Beauty,5,1230.69,6153.45,6153.45,1032.78,989.55
1103,CUST499,PROD1866,2024-01-14,Electronics,5,1863.03,9315.15,9315.15,1507.8,1776.15
1104,CUST292,PROD1536,2024-02-26,Electronics,2,4343.9,8687.8,8687.8,3582.47,1522.86
1105,CUST108,PROD1919,2024-04-08,Grocery,5,3902.56,19512.8,19512.8,3310.22,2961.7
1106,CUST921,PROD1875,2024-02-14,Fashion,1,3076.15,3076.15,3076.15,1725.3,1350.85
1107,CUST231,PROD1130,2024-09-07,Home & Kitchen,3,641.07,1923.21,1923.21,409.44,694.89
1108,CUST301,PROD1635,2024-07-02,Fashion,3,4084.47,12253.41,12253.41,3126.19,2874.84
1109,CUST672,PROD1438,2024-07-15,Home & Kitchen,5,4872.75,24363.75,24363.75,3623.41,6246.7
1110,CUST370,PROD1568,2024-04-16,Sports,4,2919.66,11678.64,11678.64,1617.09,5210.28
1111,CUST299,PROD1083,2024-12-22,Electronics,5,4380.72,21903.6,21903.6,3441.24,4697.4
1112,CUST414,PROD1574,2024-03-03,Fashion,4,2482.9,9931.6,9931.6,1436.49,4185.64
1113,CUST160,PROD1009,2024-08-07,Fashion,3,1314.82,3944.46,3944.46,760.41,1663.23
1114,CUST696,PROD1803,2024-07-17,Electronics,2,4759.03,9518.06,9518.06,3273.93,2970.2
1115,CUST296,PROD1840,2024-08-07,Fashion,4,4998.95,19995.8,19995.8,3536.9,5848.2
1116,CUST762,PROD1574,2024-03-12,Books,5,1383.8,6919.0,6919.0,972.85,2054.75
1117,CUST962,PROD1676,2024-11-08,Fashion,3,4494.54,13483.62,13483.62,2391.19,6310.05
1118,CUST593,PROD1881,2024-06-04,Books,5,3810.26,19051.3,19051.3,3075.3,3674.8
1119,CUST897,PROD1740,2024-12-09,Electronics,5,4605.62,23028.1,23028.1,2730.95,9373.35
1120,CUST483,PROD1763,2024-10-17,Sports,2,4878.33,9756.66,9756.66,2660.3,4436.06
1121,CUST718,PROD1975,2024-04-11,Electronics,1,260.48,260.48,260.48,211.27,49.21
1122,CUST680,PROD1036,2024-09-23,Fashion,4,2750.21,11000.84,11000.84,2294.99,1820.88
1123,CUST976,PROD1771,2024-03-24,Beauty,2,3138.61,6277.22,6277.22,2516.36,1244.5
1124,CUST322,PROD1576,2024-09-23,Sports,4,1738.19,6952.76,6952.76,1361.58,1506.44
1125,CUST197,PROD1311,2024-02-16,Electronics,5,722.09,3610.45,3610.45,526.65,977.2
1126,CUST929,PROD1271,2024-11-06,Sports,2,4867.22,9734.44,9734.44,3372.01,2990.42
1127,CUST100,PROD1099,2024-09-19,Home & Kitchen,4,4061.73,16246.92,16246.92,2154.53,7628.8
1128,CUST502,PROD1547,2024-01-25,Grocery,1,3188.38,3188.38,3188.38,2050.0,1138.38
1129,CUST622,PROD1512,2024-12-17,Beauty,5,4509.16,22545.8,22545.8,2842.76,8332.0
1130,CUST240,PROD1948,2024-05-02,Fashion,3,433.45,1300.35,1300.35,256.13,531.96
1131,CUST980,PROD1223,2024-08-23,Sports,1,2137.55,2137.55,2137.55,1610.0,527.55
1132,CUST939,PROD1676,2024-08-04,Home & Kitchen,1,2430.85,2430.85,2430.85,1637.31,793.54
1133,CUST199,PROD1793,2024-04-02,Fashion,5,4302.33,21511.65,21511.65,2273.21,10145.6
1134,CUST995,PROD1503,2024-01-03,Grocery,3,1387.78,4163.34,4163.34,800.84,1760.82
1135,CUST929,PROD1432,2024-04-10,Beauty,1,4714.43,4714.43,4714.43,3484.63,1229.8
1136,CUST571,PROD1722,2024-01-23,Electronics,2,3278.35,6556.7,6556.7,1726.53,3103.64
1137,CUST351,PROD1115,2024-03-22,Books,1,2620.8,2620.8,2620.8,2091.2,529.6
1138,CUST739,PROD1926,2024-10-18,Electronics,2,2881.2,5762.4,5762.4,1939.92,1882.56
1139,CUST203,PROD1823,2024-12-27,Home & Kitchen,2,500.1,1000.2,1000.2,334.17,331.86
1140,CUST449,PROD1074,2024-10-05,Home & Kitchen,4,4938.6,19754.4,19754.4,3493.28,5781.28
1141,CUST430,PROD1132,2024-03-13,Beauty,5,2937.46,14687.3,14687.3,2316.59,3104.35
1142,CUST888,PROD1991,2024-12-03,Sports,5,2110.22,10551.1,10551.1,1311.99,3991.15
1143,CUST687,PROD1135,2024-02-13,Sports,5,462.1,2310.5,2310.5,340.71,606.95
1144,CUST412,PROD1700,2024-10-08,Electronics,5,2209.21,11046.05,11046.05,1542.04,3335.85
1145,CUST960,PROD1039,2024-02-15,Home & Kitchen,3,1412.51,4237.53,4237.53,838.27,1722.72
1146,CUST571,PROD1909,2024-04-28,Grocery,2,2332.37,4664.74,4664.74,1883.44,897.86
1147,CUST887,PROD1185,2024-04-15,Fashion,3,2990.27,8970.81,8970.81,2329.72,1981.65
1148,CUST251,PROD1962,2024-12-23,Books,1,3913.18,3913.18,3913.18,2858.41,1054.77
1149,CUST107,PROD1670,2024-05-22,Books,3,3330.52,9991.56,9991.56,2656.77,2021.25
1150,CUST375,PROD1467,2024-07-05,Electronics,5,2617.33,13086.65,13086.65,2103.16,2570.85
1151,CUST595,PROD1020,2024-07-15,Electronics,1,3622.4,3622.4,3622.4,2709.29,913.11
1152,CUST747,PROD1516,2024-10-08,Home & Kitchen,1,4822.69,4822.69,4822.69,3824.17,998.52
1153,CUST760,PROD1278,2024-04-05,Electronics,3,3038.52,9115.56,9115.56,2261.01,2332.53
1154,CUST591,PROD1727,2024-11-12,Electronics,4,870.26,3481.04,3481.04,642.29,911.88
1155,CUST632,PROD1449,2024-09-02,Home & Kitchen,1,4701.09,4701.09,4701.09,3368.4,1332.69
1156,CUST488,PROD1568,2024-05-17,Electronics,4,4093.88,16375.52,16375.52,3125.48,3873.6
1157,CUST648,PROD1248,2024-08-23,Grocery,4,1671.01,6684.04,6684.04,928.27,2970.96
1158,CUST283,PROD1821,2024-02-26,Home & Kitchen,4,4987.95,19951.8,19951.8,4031.78,3824.68
1159,CUST918,PROD1642,2024-06-26,Fashion,4,160.5,642.0,642.0,129.23,125.08
1160,CUST902,PROD1940,2024-07-18,Electronics,4,4165.27,16661.08,16661.08,2125.27,8160.0
1161,CUST155,PROD1901,2024-11-26,Books,3,3709.16,11127.48,11127.48,2926.66,2347.5
1162,CUST893,PROD1959,2024-07-24,Books,1,2511.37,2511.37,2511.37,1368.96,1142.41
1163,CUST895,PROD1045,2024-07-06,Beauty,3,2948.02,8844.06,8844.06,1819.79,3384.69
1164,CUST309,PROD1694,2024-10-04,Electronics,1,1922.69,1922.69,1922.69,1461.68,461.01
1165,CUST727,PROD1819,2024-09-19,Books,5,2584.8,12924.0,12924.0,1437.84,5734.8
1166,CUST432,PROD1797,2024-07-05,Fashion,4,4591.05,18364.2,18364.2,3609.89,3924.64
1167,CUST393,PROD1185,2024-04-17,Books,4,1898.46,7593.84,7593.84,1502.15,1585.24
1168,CUST775,PROD1341,2024-03-13,Electronics,2,4219.0,8438.0,8438.0,2858.85,2720.3
1169,CUST844,PROD1861,2024-02-25,Sports,3,2752.33,8256.99,8256.99,1382.32,4110.03
1170,CUST487,PROD1650,2024-04-16,Beauty,1,960.15,960.15,960.15,576.53,383.62
1171,CUST101,PROD1003,2024-11-17,Grocery,3,1703.26,5109.78,5109.78,1219.41,1451.55
1172,CUST621,PROD1381,2024-04-01,Books,5,1175.18,5875.9,5875.9,991.16,920.1
1173,CUST196,PROD1387,2024-08-11,Grocery,1,3400.29,3400.29,3400.29,2452.07,948.22
1174,CUST322,PROD1427,2024-05-22,Beauty,2,3296.34,6592.68,6592.68,1947.91,2696.86
1175,CUST592,PROD1267,2024-06-26,Beauty,4,2042.06,8168.24,8168.24,1474.17,2271.56
1176,CUST220,PROD1206,2024-09-23,Fashion,4,1996.92,7987.68,7987.68,1375.87,2484.2
1177,CUST719,PROD1470,2024-02-03,Fashion,2,4239.55,8479.1,8479.1,3276.94,1925.22
1178,CUST473,PROD1073,2024-11-07,Electronics,4,3073.17,12292.68,12292.68,1651.65,5686.08
1179,CUST226,PROD1097,2024-07-10,Sports,4,4179.96,16719.84,16719.84,3203.35,3906.44
1180,CUST329,PROD1432,2024-07-11,Home & Kitchen,3,3098.06,9294.18,9294.18,2135.94,2886.36
1181,CUST798,PROD1234,2024-07-22,Grocery,3,4296.0,12888.0,12888.0,3595.95,2100.15
1182,CUST676,PROD1162,2024-11-07,Home & Kitchen,4,2952.25,11809.0,11809.0,1829.38,4491.48
1183,CUST782,PROD1757,2024-08-30,Beauty,3,4104.26,12312.78,12312.78,2960.89,3430.11
1184,CUST278,PROD1572,2024-04-03,Fashion,1,2869.03,2869.03,2869.03,2370.42,498.61
1185,CUST611,PROD1755,2024-05-23,Books,3,1835.12,5505.36,5505.36,983.4,2555.16
1186,CUST110,PROD1133,2024-03-08,Electronics,3,1239.32,3717.96,3717.96,1026.19,639.39
1187,CUST187,PROD1494,2024-08-06,Home & Kitchen,2,765.56,1531.12,1531.12,567.1,396.92
1188,CUST726,PROD1746,2024-12-27,Grocery,3,3356.45,10069.35,10069.35,1757.92,4795.59
1189,CUST399,PROD1270,2024-05-06,Books,1,2752.15,2752.15,2752.15,1665.98,1086.17
1190,CUST158,PROD1451,2024-09-26,Sports,3,4247.05,12741.15,12741.15,3176.2,3212.55
1191,CUST190,PROD1793,2024-01-20,Fashion,5,4267.93,21339.65,21339.65,2234.57,10166.8
1192,CUST976,PROD1401,2024-09-09,Electronics,5,2989.33,14946.65,14946.65,2103.77,4427.8
1193,CUST512,PROD1795,2024-10-23,Sports,2,1677.55,3355.1,3355.1,1041.86,1271.38
1194,CUST513,PROD1616,2024-02-21,Fashion,4,2095.24,8380.96,8380.96,1502.96,2369.12
1195,CUST506,PROD1799,2024-12-20,Fashion,5,2456.85,12284.25,12284.25,1267.76,5945.45
1196,CUST555,PROD1707,2024-06-08,Fashion,1,1092.46,1092.46,1092.46,879.47,212.99
1197,CUST998,PROD1219,2024-08-10,Electronics,5,231.3,1156.5,1156.5,194.46,184.2
1198,CUST351,PROD1043,2024-05-13,Beauty,1,1196.28,1196.28,1196.28,1003.81,192.47
1199,CUST891,PROD1411,2024-07-22,Books,5,544.83,2724.15,2724.15,415.37,647.3
1200,CUST782,PROD1739,2024-06-24,Books,2,3557.57,7115.14,7115.14,1940.76,3233.62
